ligand_name,index,system,y_true,original_smiles,f1_smiles,f2_smiles,f3_smiles,original_predicted_deltaG,f1_predicted_deltaG,f2_predicted_deltaG,f3_predicted_deltaG,fragments_predicted_deltaG,abs_shap__whole_activation_dG,abs_shap__f1_related,abs_shap__f2_related,abs_shap__f3_related,abs_shap__other,share__whole_activation_dG,share__f1_related,share__f2_related,share__f3_related,share__other,f1_smiles_canon,f2_smiles_canon,f3_smiles_canon
1d4h_ligand_native_749.mol2,749,P03366,2.185086819,[H]O[C@]1([H])C([H])([H])C2=C([H])C([H])=C([H])C([H])=C2[C@]1([H])N([H])C(=O)[C@]([H])(OC([H])([H])C1=C([H])C([H])=C([H])C([H])=C1[H])[C@]([H])(O[H])[C@@]([H])(O[H])[C@@]([H])(OC([H])([H])C1=C([H])C([H])=C([H])C([H])=C1[H])C(=O)N([H])C([H])([H])C1=C([H])C([H])=C([H])C([H])=C1[H],[H]OC([H])([H])C1=C([H])C([H])=C([H])C([H])=C1[H],[H]O[C@@]([H])(C([H])([H])C(=O)N([H])C([H])([H])C1=C([H])C([H])=C([H])C([H])=C1[H])[C@@]([H])(O[H])[C@@]([H])(OC([H])([H])C1=C([H])C([H])=C([H])C([H])=C1[H])C([H])=O,[H]O[C@]1([H])C([H])([H])C2=C([H])C([H])=C([H])C([H])=C2[C@]1([H])N([H])[H],32.084,1.041,17.595,3.194,21.83,0.38054174,0.08367279,0.07128101,0.03937449,0.73969084,0.28948203,0.06365076,0.054224197,0.02995258,0.56269044,OCc1ccccc1,O=C[C@H](OCc1ccccc1)[C@H](O)[C@@H](O)CC(=O)NCc1ccccc1,N[C@H]1c2ccccc2C[C@H]1O
1d4i_ligand_native_771.mol2,771,P03366,0.630784143,[H]O[C@]1([H])C([H])([H])C2=C([H])C([H])=C([H])C([H])=C2[C@]1([H])N([H])C(=O)[C@]([H])(OC([H])([H])C1=C([H])C([H])=C([H])C([H])=C1[H])C([H])([H])[C@@]([H])(O[H])[C@@]([H])(OC([H])([H])C1=C([H])C([H])=C([H])C([H])=C1[H])C(=O)N([H])[C@@]1([H])C2=C([H])C([H])=C([H])C([H])=C2C([H])([H])[C@@]1([H])O[H],[H]O[C@]1([H])C([H])([H])C2=C([H])C([H])=C([H])C([H])=C2[C@]1([H])N([H])[H],[H]O[C@]1([H])C([H])([H])C2=C([H])C([H])=C([H])C([H])=C2[C@]1([H])N([H])C(=O)[C@]([H])(OC([H])([H])C1=C([H])C([H])=C([H])C([H])=C1[H])[C@]([H])(O[H])C([H])([H])C([H])([H])C([H])=O,[H]OC([H])([H])C1=C([H])C([H])=C([H])C([H])=C1[H],23.768,2.598,11.414,3.511,17.523,0.85412544,0.10535659,0.043570522,0.030090654,0.7970585,0.46668375,0.057565555,0.023806402,0.016441166,0.43550307,N[C@H]1c2ccccc2C[C@H]1O,O=CCC[C@@H](O)[C@@H](OCc1ccccc1)C(=O)N[C@H]1c2ccccc2C[C@H]1O,OCc1ccccc1
1ebw_ligand_a015_762_dock.mol2,762,P03366,0.027797162,[H]O[C@@]([H])([C@@]([H])(OC([H])([H])C1=C([H])C([H])=C([H])C([H])=C1[H])C(=O)N(C([H])([H])[H])[C@]([H])(C(=O)[O-])C([H])([H])C1=C([H])C([H])=C([H])C([H])=C1[H])[C@@]([H])(O[H])[C@@]([H])(OC([H])([H])C1=C([H])C([H])=C([H])C([H])=C1[H])C(=O)N(C([H])([H])[H])[C@]([H])(C(=O)[O-])C([H])([H])C1=C([H])C([H])=C([H])C([H])=C1[H],[H]C1=C([H])C([H])=C(C([H])([H])[C@@]([H])(C(=O)[O-])N([H])C([H])([H])[H])C([H])=C1[H],[H]O[C@@]([H])(C([H])([H])C([H])=O)[C@@]([H])(O[H])[C@@]([H])(OC([H])([H])C1=C([H])C([H])=C([H])C([H])=C1[H])C(=O)N(C([H])([H])[H])[C@]([H])(C(=O)[O-])C([H])([H])C1=C([H])C([H])=C([H])C([H])=C1[H],[H]OC([H])([H])C1=C([H])C([H])=C([H])C([H])=C1[H],16.813,1.194,8.995,4.278,14.467,1.1513759,0.10342833,0.06268132,0.037733734,1.1189407,0.46536028,0.04180341,0.02533438,0.015251128,0.45225072,CN[C@@H](Cc1ccccc1)C(=O)[O-],CN(C(=O)[C@H](OCc1ccccc1)[C@H](O)[C@@H](O)CC=O)[C@@H](Cc1ccccc1)C(=O)[O-],OCc1ccccc1
1ebw_ligand_a016_761_dock.mol2,761,P03366,1.218244625,[H]OC1=C([H])C([H])=C(C([H])([H])[C@@]([H])(C(=O)[O-])N(C(=O)[C@]([H])(OC([H])([H])C2=C([H])C([H])=C([H])C([H])=C2[H])[C@]([H])(O[H])[C@@]([H])(O[H])[C@@]([H])(OC([H])([H])C2=C([H])C([H])=C([H])C([H])=C2[H])C(=O)N(C([H])([H])[H])[C@]([H])(C(=O)[O-])C([H])([H])C2=C([H])C([H])=C(O[H])C([H])=C2[H])C([H])([H])[H])C([H])=C1[H],[H]OC1=C([H])C([H])=C(C([H])([H])[C@@]([H])(C(=O)[O-])N([H])C([H])([H])[H])C([H])=C1[H],[H]O[C@@]([H])([C@@]([H])(OC([H])([H])C1=C([H])C([H])=C([H])C([H])=C1[H])C([H])=O)[C@@]([H])(O[H])[C@@]([H])(OC([H])([H])C1=C([H])C([H])=C([H])C([H])=C1[H])C(=O)N(C([H])([H])[H])[C@]([H])(C(=O)[O-])C([H])([H])[H],[H]OC1=C([H])C([H])=C([H])C([H])=C1[H],22.963,0.561,18.476,0.259,19.296,0.87030506,0.124173336,0.11031637,0.036288362,0.79267067,0.45005992,0.064213626,0.057047788,0.018765762,0.40991294,CN[C@@H](Cc1ccc(O)cc1)C(=O)[O-],C[C@@H](C(=O)[O-])N(C)C(=O)[C@H](OCc1ccccc1)[C@H](O)[C@@H](O)[C@H](C=O)OCc1ccccc1,Oc1ccccc1
1ebw_ligand_a017_760_dock.mol2,760,P03366,0.747146969,[H]O[C@@]([H])(C([H])([H])[H])[C@@]([H])(C(=O)[O-])N(C(=O)[C@]([H])(OC([H])([H])C1=C([H])C([H])=C([H])C([H])=C1[H])[C@]([H])(O[H])[C@@]([H])(O[H])[C@@]([H])(OC([H])([H])C1=C([H])C([H])=C([H])C([H])=C1[H])C(=O)N(C([H])([H])[H])[C@]([H])(C(=O)[O-])[C@@]([H])(O[H])C([H])([H])[H])C([H])([H])[H],[H]O[C@@]([H])(C([H])([H])[H])C([H])([H])C(=O)[O-],[H]O[C@@]([H])(C([H])([H])[H])[C@@]([H])(C(=O)[O-])N(C(=O)[C@]([H])(OC([H])([H])C1=C([H])C([H])=C([H])C([H])=C1[H])[C@]([H])(O[H])[C@@]([H])(O[H])C([H])([H])C(=O)N([H])C([H])([H])[H])C([H])([H])[H],[H]OC([H])([H])C1=C([H])C([H])=C([H])C([H])=C1[H],15.887,2.398,9.473,14.81,26.681,1.0687805,0.10436612,0.051557574,0.038010154,0.7032816,0.5436331,0.05308562,0.026224658,0.01933379,0.3577228,C[C@H](O)CC(=O)[O-],CNC(=O)C[C@H](O)[C@@H](O)[C@@H](OCc1ccccc1)C(=O)N(C)[C@H](C(=O)[O-])[C@H](C)O,OCc1ccccc1
1ebw_ligand_a018_764_dock.mol2,764,P03366,0.324221658,[H]O[C@@]([H])([C@@]([H])(OC([H])([H])C1=C([H])C([H])=C([H])C([H])=C1[H])C(=O)N(C([H])([H])[H])[C@]([H])(C(=O)[O-])C([H])([H])C([H])([H])SC([H])([H])[H])[C@@]([H])(O[H])[C@@]([H])(OC([H])([H])C1=C([H])C([H])=C([H])C([H])=C1[H])C(=O)N(C([H])([H])[H])[C@]([H])(C(=O)[O-])C([H])([H])C([H])([H])SC([H])([H])[H],[H]OC([H])([H])C1=C([H])C([H])=C([H])C([H])=C1[H],[H]O[C@@]([H])(C([H])([H])C(=O)N(C([H])([H])[H])[C@]([H])(C(=O)[O-])C([H])([H])C([H])([H])SC([H])([H])[H])[C@@]([H])(O[H])[C@@]([H])(OC([H])([H])C1=C([H])C([H])=C([H])C([H])=C1[H])C(=O)N([H])C([H])([H])[H],[H]C([H])([H])SC([H])([H])C([H])([H])C([H])([H])C(=O)[O-],20.959,1.875,10.698,2.801,15.374,0.9356708,0.10915881,0.05406068,0.041541122,0.9140324,0.45543307,0.053132504,0.026313765,0.020219933,0.4449007,OCc1ccccc1,CNC(=O)[C@H](OCc1ccccc1)[C@H](O)[C@@H](O)CC(=O)N(C)[C@@H](CCSC)C(=O)[O-],CSCCCC(=O)[O-]
1ebw_ligand_b249_768_dock.mol2,768,P03366,0.563837353,[H]O[C@@]([H])([C@@]([H])(OC([H])([H])C1=C([H])C([H])=C([H])C([H])=C1[H])C(=O)N([H])[C@]([H])(C(=O)OC([H])([H])[H])C([H])(C([H])([H])[H])C([H])([H])[H])[C@@]([H])(O[H])[C@@]([H])(OC([H])([H])C1=C([H])C([H])=C([H])C([H])=C1[H])C(=O)N([H])[C@]([H])(C(=O)OC([H])([H])[H])C([H])(C([H])([H])[H])C([H])([H])[H],[H]O[C@@]([H])([C@@]([H])(OC([H])([H])C1=C([H])C([H])=C([H])C([H])=C1[H])C([H])=O)[C@@]([H])(O[H])[C@@]([H])(OC([H])([H])C1=C([H])C([H])=C([H])C([H])=C1[H])C([H])=O,[H]N([H])[C@]([H])(C(=O)OC([H])([H])[H])C([H])(C([H])([H])[H])C([H])([H])[H],[H]N([H])[C@]([H])(C(=O)OC([H])([H])[H])C([H])(C([H])([H])[H])C([H])([H])[H],19.201,9.97,2.652,6.003,18.625,0.9838878,0.08998382,0.055433914,0.032563552,0.7986557,0.5018492,0.045897823,0.028275039,0.01660961,0.40736833,O=C[C@H](OCc1ccccc1)[C@H](O)[C@@H](O)[C@H](C=O)OCc1ccccc1,COC(=O)[C@@H](N)C(C)C,COC(=O)[C@@H](N)C(C)C
1ebw_ligand_b268_757_dock.mol2,757,P03366,2.435333936,[H]O[C@@]([H])([C@@]([H])(OC([H])([H])C1=C([H])C([H])=C([H])C([H])=C1[H])C(=O)N([H])[C@]([H])(C(=O)N([H])C([H])([H])[H])C([H])(C([H])([H])[H])C([H])([H])[H])[C@@]([H])(O[H])[C@@]([H])(OC([H])([H])C1=C([H])C([H])=C([H])C([H])=C1[H])C(=O)N([H])[C@]([H])(C(=O)N([H])C([H])([H])[H])C([H])(C([H])([H])[H])C([H])([H])[H],[H]N(C(=O)[C@@]([H])(N([H])[H])C([H])(C([H])([H])[H])C([H])([H])[H])C([H])([H])[H],[H]OC([H])([H])C1=C([H])C([H])=C([H])C([H])=C1[H],[H]O[C@@]([H])(C([H])([H])C(=O)N([H])[C@]([H])(C(=O)N([H])C([H])([H])[H])C([H])(C([H])([H])[H])C([H])([H])[H])[C@@]([H])(O[H])[C@@]([H])(OC([H])([H])C1=C([H])C([H])=C([H])C([H])=C1[H])C([H])=O,29.372,6.491,2.337,21.705,30.533,0.2304393,0.05429522,0.021223344,0.10324132,0.53758085,0.24339266,0.057347238,0.02241634,0.10904467,0.5677991,CNC(=O)[C@@H](N)C(C)C,OCc1ccccc1,CNC(=O)[C@@H](NC(=O)C[C@H](O)[C@@H](O)[C@H](C=O)OCc1ccccc1)C(C)C
1ebw_ligand_b277_758_dock.mol2,758,P03366,2.314258261,[H]O[C@@]([H])([C@@]([H])(OC([H])([H])C([H])([H])C([H])([H])[H])C(=O)N([H])[C@]([H])(C(=O)N([H])C([H])([H])[H])C([H])(C([H])([H])[H])C([H])([H])[H])[C@@]([H])(O[H])[C@@]([H])(OC([H])([H])C([H])([H])C([H])([H])[H])C(=O)N([H])[C@]([H])(C(=O)N([H])C([H])([H])[H])C([H])(C([H])([H])[H])C([H])([H])[H],[H]O[C@@]([H])([C@@]([H])(OC([H])([H])C([H])([H])C([H])([H])[H])C([H])=O)[C@@]([H])(O[H])[C@@]([H])(OC([H])([H])C([H])([H])C([H])([H])[H])C([H])=O,[H]N(C(=O)[C@@]([H])(N([H])[H])C([H])(C([H])([H])[H])C([H])([H])[H])C([H])([H])[H],[H]N(C(=O)[C@@]([H])(N([H])[H])C([H])(C([H])([H])[H])C([H])([H])[H])C([H])([H])[H],30.234,30.047,2.744,3.104,35.895,0.059252493,0.069445804,0.033369593,0.044035837,0.65183353,0.0690639,0.08094508,0.038895145,0.05132757,0.7597683,CCCO[C@@H](C=O)[C@H](O)[C@@H](O)[C@H](C=O)OCCC,CNC(=O)[C@@H](N)C(C)C,CNC(=O)[C@@H](N)C(C)C
1ebw_ligand_b322_765_dock.mol2,765,P03366,1.169411331,[H]OC(=O)[C@@]([H])(N(C(=O)[C@]([H])(OC([H])([H])C1=C([H])C([H])=C([H])C([H])=C1[H])[C@]([H])(O[H])[C@@]([H])(O[H])[C@@]([H])(OC([H])([H])C1=C([H])C([H])=C([H])C([H])=C1[H])C(=O)N(C([H])([H])[H])[C@]([H])(C(=O)O[H])[C@]([H])(C([H])([H])[H])C([H])([H])C([H])([H])[H])C([H])([H])[H])[C@]([H])(C([H])([H])[H])C([H])([H])C([H])([H])[H],[H]O[C@@]([H])([C@@]([H])(OC([H])([H])C1=C([H])C([H])=C([H])C([H])=C1[H])C([H])=O)[C@@]([H])(O[H])[C@@]([H])(OC([H])([H])C1=C([H])C([H])=C([H])C([H])=C1[H])C([H])=O,[H]OC(=O)[C@@]([H])(N([H])C([H])([H])[H])[C@]([H])(C([H])([H])[H])C([H])([H])C([H])([H])[H],[H]OC(=O)[C@@]([H])(N([H])C([H])([H])[H])[C@]([H])(C([H])([H])[H])C([H])([H])C([H])([H])[H],27.698,10.662,2.605,4.287,17.554,0.4583214,0.08952791,0.031307764,0.032509536,0.76375294,0.333223,0.06509135,0.022762338,0.023636088,0.55528724,O=C[C@H](OCc1ccccc1)[C@H](O)[C@@H](O)[C@H](C=O)OCc1ccccc1,CC[C@@H](C)[C@H](NC)C(=O)O,CC[C@@H](C)[C@H](NC)C(=O)O
1ebw_ligand_b347_767_dock.mol2,767,P03366,1.568636236,[H]OC(=O)[C@@]([H])(N(C(=O)[C@]([H])(OC([H])([H])C1=C([H])C([H])=C([H])C([H])=C1[H])[C@@]([H])(O[H])[C@]([H])(O[H])[C@@]([H])(OC([H])([H])C1=C([H])C([H])=C([H])C([H])=C1[H])C(=O)N(C([H])([H])[H])[C@]([H])(C(=O)O[H])C([H])(C([H])([H])[H])C([H])([H])[H])C([H])([H])[H])C([H])(C([H])([H])[H])C([H])([H])[H],[H]O[C@@]([H])([C@]([H])(O[H])[C@@]([H])(OC([H])([H])C1=C([H])C([H])=C([H])C([H])=C1[H])C([H])=O)[C@@]([H])(OC([H])([H])C1=C([H])C([H])=C([H])C([H])=C1[H])C([H])=O,[H]OC(=O)[C@@]([H])(N([H])C([H])([H])[H])C([H])(C([H])([H])[H])C([H])([H])[H],[H]OC(=O)[C@@]([H])(N([H])C([H])([H])[H])C([H])(C([H])([H])[H])C([H])([H])[H],23.791,16.382,10.027,5.165,31.574,0.81259215,0.07313333,0.04171862,0.04542232,0.48290673,0.558186,0.05023676,0.028657364,0.03120151,0.33171842,O=C[C@H](OCc1ccccc1)[C@@H](O)[C@H](O)[C@H](C=O)OCc1ccccc1,CN[C@H](C(=O)O)C(C)C,CN[C@H](C(=O)O)C(C)C
1ebw_ligand_b365_766_dock.mol2,766,P03366,1.510041521,[H]OC(=O)[C@@]([H])(N(C(=O)[C@]([H])(OC([H])([H])C1=C([H])C([H])=C([H])C([H])=C1[H])C([H])([H])[C@@]([H])(O[H])[C@@]([H])(OC([H])([H])C1=C([H])C([H])=C([H])C([H])=C1[H])C(=O)N(C([H])([H])[H])[C@]([H])(C(=O)O[H])C([H])(C([H])([H])[H])C([H])([H])[H])C([H])([H])[H])C([H])(C([H])([H])[H])C([H])([H])[H],[H]O[C@]([H])(C([H])([H])[C@@]([H])(OC([H])([H])C1=C([H])C([H])=C([H])C([H])=C1[H])C([H])=O)[C@@]([H])(OC([H])([H])C1=C([H])C([H])=C([H])C([H])=C1[H])C([H])=O,[H]OC(=O)[C@@]([H])(N([H])C([H])([H])[H])C([H])(C([H])([H])[H])C([H])([H])[H],[H]OC(=O)[C@@]([H])(N([H])C([H])([H])[H])C([H])(C([H])([H])[H])C([H])([H])[H],27.646,15.001,2.962,3.988,21.951,0.49857822,0.16050963,0.04118857,0.024188831,0.65676385,0.36096704,0.11620782,0.02982023,0.017512541,0.47549233,O=C[C@H](OCc1ccccc1)[C@H](O)C[C@H](C=O)OCc1ccccc1,CN[C@H](C(=O)O)C(C)C,CN[C@H](C(=O)O)C(C)C
1ebw_ligand_b376_763_dock.mol2,763,P03366,-1.136720567,[H]O[C@@]([H])([C@@]([H])(OC([H])([H])C1=C([H])C([H])=C([H])C([H])=C1[H])C(=O)N([H])[C@]([H])(C(=O)N([H])C([H])([H])[H])C1=C([H])C([H])=C([H])C([H])=C1[H])[C@@]([H])(O[H])[C@@]([H])(OC([H])([H])C1=C([H])C([H])=C([H])C([H])=C1[H])C(=O)N([H])[C@]([H])(C(=O)N([H])C([H])([H])[H])C1=C([H])C([H])=C([H])C([H])=C1[H],[H]OC([H])([H])C1=C([H])C([H])=C([H])C([H])=C1[H],[H]O[C@@]([H])(C([H])([H])C(=O)N([H])[C@]([H])(C(=O)N([H])C([H])([H])[H])C1=C([H])C([H])=C([H])C([H])=C1[H])[C@@]([H])(O[H])[C@@]([H])(OC([H])([H])C1=C([H])C([H])=C([H])C([H])=C1[H])C([H])=O,[H]C1=C([H])C([H])=C([C@@]([H])(C(=O)N([H])C([H])([H])[H])N([H])[H])C([H])=C1[H],15.874,1.956,7.819,3.16,12.935,1.612186,0.10654471,0.07310738,0.05007769,1.6286623,0.4645295,0.030699411,0.021064898,0.014429207,0.46927693,OCc1ccccc1,CNC(=O)[C@@H](NC(=O)C[C@H](O)[C@@H](O)[C@H](C=O)OCc1ccccc1)c1ccccc1,CNC(=O)[C@@H](N)c1ccccc1
1ebw_ligand_b408_759_dock.mol2,759,P03366,2.772113295,[H]O[C@@]([H])([C@@]([H])(OC([H])([H])C1=C([H])C([H])=C(Br)C([H])=C1[H])C(=O)N([H])[C@]([H])(C(=O)N([H])C([H])([H])[H])C([H])(C([H])([H])[H])C([H])([H])[H])[C@@]([H])(O[H])[C@@]([H])(OC([H])([H])C1=C([H])C([H])=C(Br)C([H])=C1[H])C(=O)N([H])[C@]([H])(C(=O)N([H])C([H])([H])[H])C([H])(C([H])([H])[H])C([H])([H])[H],[H]O[C@@]([H])([C@@]([H])(OC([H])([H])C1=C([H])C([H])=C(Br)C([H])=C1[H])C([H])=O)[C@@]([H])(O[H])[C@@]([H])(OC([H])([H])C1=C([H])C([H])=C(Br)C([H])=C1[H])C([H])=O,[H]N(C(=O)[C@@]([H])(N([H])[H])C([H])(C([H])([H])[H])C([H])([H])[H])C([H])([H])[H],[H]N(C(=O)[C@@]([H])(N([H])[H])C([H])(C([H])([H])[H])C([H])([H])[H])C([H])([H])[H],36.498,20.864,5.973,4.774,31.611,0.52501726,0.1031154,0.049318515,0.029055689,0.3985743,0.47509387,0.09331026,0.044628866,0.026292812,0.36067426,O=C[C@H](OCc1ccc(Br)cc1)[C@H](O)[C@@H](O)[C@H](C=O)OCc1ccc(Br)cc1,CNC(=O)[C@@H](N)C(C)C,CNC(=O)[C@@H](N)C(C)C
1eby_ligand_b388_770_dock.mol2,770,P03366,1.643974143,[H]OC(=O)[C@@]([H])(N(C(=O)[C@]([H])(OC([H])([H])C1=C([H])C([H])=C([H])C([H])=C1[H])[C@]([H])(O[H])[C@@]([H])(O[H])[C@@]([H])(OC([H])([H])C1=C([H])C([H])=C([H])C([H])=C1[H])C(=O)N([H])[C@@]1([H])C2=C([H])C([H])=C([H])C([H])=C2C([H])([H])[C@@]1([H])O[H])C([H])([H])[H])C([H])(C([H])([H])[H])C([H])([H])[H],[H]O[C@@]([H])([C@@]([H])(OC([H])([H])C1=C([H])C([H])=C([H])C([H])=C1[H])C([H])=O)[C@@]([H])(O[H])[C@@]([H])(OC([H])([H])C1=C([H])C([H])=C([H])C([H])=C1[H])C([H])=O,[H]OC(=O)[C@@]([H])(N([H])C([H])([H])[H])C([H])(C([H])([H])[H])C([H])([H])[H],[H]O[C@]1([H])C([H])([H])C2=C(C([H])=C([H])C([H])=C2[H])[C@]1([H])N([H])[H],28.504,13.972,5.083,5.94,24.995,0.24777132,0.078118324,0.04907744,0.04233572,0.69881874,0.22199313,0.06999087,0.043971412,0.0379311,0.6261135,O=C[C@H](OCc1ccccc1)[C@H](O)[C@@H](O)[C@H](C=O)OCc1ccccc1,CN[C@H](C(=O)O)C(C)C,N[C@H]1c2ccccc2C[C@H]1O
1eby_ligand_native_769.mol2,769,P03366,1.876148359,[H]O[C@]1([H])C([H])([H])C2=C([H])C([H])=C([H])C([H])=C2[C@]1([H])N([H])C(=O)[C@]([H])(OC([H])([H])C1=C([H])C([H])=C([H])C([H])=C1[H])[C@]([H])(O[H])[C@@]([H])(O[H])[C@@]([H])(OC([H])([H])C1=C([H])C([H])=C([H])C([H])=C1[H])C(=O)N([H])[C@@]1([H])C2=C([H])C([H])=C([H])C([H])=C2C([H])([H])[C@@]1([H])O[H],[H]C1=C([H])C([H])=C(C([H])([H])[H])C([H])=C1[H],[H]O[C@]1([H])C([H])([H])C2=C([H])C([H])=C([H])C([H])=C2[C@]1([H])N([H])C(=O)[C@]([H])(OC([H])([H])C1=C([H])C([H])=C([H])C([H])=C1[H])[C@]([H])(O[H])[C@@]([H])(O[H])[C@@]([H])(O[H])C([H])=O,[H]O[C@]1([H])C([H])([H])C2=C([H])C([H])=C([H])C([H])=C2[C@]1([H])N([H])[H],32.505,1.83,12.216,5.49,19.536,0.34721807,0.11147463,0.040652957,0.040207468,0.8855925,0.2436369,0.078219816,0.028525475,0.028212884,0.62140495,Cc1ccccc1,O=C[C@H](O)[C@H](O)[C@@H](O)[C@@H](OCc1ccccc1)C(=O)N[C@H]1c2ccccc2C[C@H]1O,N[C@H]1c2ccccc2C[C@H]1O
1ec1_ligand_b440_751_dock.mol2,751,P03366,3.522878745,[H]O[C@@]([H])([C@@]([H])(OC([H])([H])C1=C([H])C([H])=C(C2=NC([H])=C([H])S2)C([H])=C1[H])C(=O)N([H])[C@]([H])(C(=O)N([H])C([H])([H])[H])C([H])(C([H])([H])[H])C([H])([H])[H])[C@@]([H])(O[H])[C@@]([H])(OC([H])([H])C1=C([H])C([H])=C(C2=NC([H])=C([H])S2)C([H])=C1[H])C(=O)N([H])[C@]([H])(C(=O)N([H])C([H])([H])[H])C([H])(C([H])([H])[H])C([H])([H])[H],[H]O[C@@]([H])(C([H])([H])[H])[C@@]([H])(O[H])[C@@]([H])(OC([H])([H])C1=C([H])C([H])=C(C2=NC([H])=C([H])S2)C([H])=C1[H])C(=O)N([H])[C@]([H])(C(=O)N([H])C([H])([H])[H])C([H])(C([H])([H])[H])C([H])([H])[H],[H]C(=O)N([H])[C@]([H])(C(=O)N([H])C([H])([H])[H])C([H])(C([H])([H])[H])C([H])([H])[H],[H]OC([H])([H])C1=C([H])C([H])=C(C2=NC([H])=C([H])S2)C([H])=C1[H],40.696,13.716,21.107,3.754,38.577,0.72045267,0.061024956,0.06430228,0.031411905,0.61614454,0.48244503,0.040864844,0.043059476,0.021034716,0.41259596,CNC(=O)[C@@H](NC(=O)[C@H](OCc1ccc(-c2nccs2)cc1)[C@H](O)[C@H](C)O)C(C)C,CNC(=O)[C@@H](NC=O)C(C)C,OCc1ccc(-c2nccs2)cc1
1ec1_ligand_native_750.mol2,750,P03366,3.366531544,[H]O[C@@]([H])([C@@]([H])(OC([H])([H])C1=C([H])C([H])=C(C2=C([H])SC([H])=C2[H])C([H])=C1[H])C(=O)N([H])[C@]([H])(C(=O)N([H])C([H])([H])[H])C([H])(C([H])([H])[H])C([H])([H])[H])[C@@]([H])(O[H])[C@@]([H])(OC([H])([H])C1=C([H])C([H])=C(C2=C([H])SC([H])=C2[H])C([H])=C1[H])C(=O)N([H])[C@]([H])(C(=O)N([H])C([H])([H])[H])C([H])(C([H])([H])[H])C([H])([H])[H],[H]C1=C([H])C(C2=C([H])C([H])=C(C([H])([H])OC([H])([H])C(=O)N([H])[C@]([H])(C(=O)N([H])C([H])([H])[H])C([H])(C([H])([H])[H])C([H])([H])[H])C([H])=C2[H])=C([H])S1,[H]OC([H])([H])[C@@]([H])(O[H])C([H])([H])C(=O)N([H])[C@]([H])(C(=O)N([H])C([H])([H])[H])C([H])(C([H])([H])[H])C([H])([H])[H],[H]OC([H])([H])C1=C([H])C([H])=C(C2=C([H])SC([H])=C2[H])C([H])=C1[H],39.73,19.548,6.945,6.374,32.867,0.72864985,0.11166809,0.058912832,0.022528352,0.42801318,0.5398317,0.08273105,0.043646496,0.016690483,0.3171003,CNC(=O)[C@@H](NC(=O)COCc1ccc(-c2ccsc2)cc1)C(C)C,CNC(=O)[C@@H](NC(=O)C[C@H](O)CO)C(C)C,OCc1ccc(-c2ccsc2)cc1
1ec2_ligand_a038_756_dock.mol2,756,P03366,3.30980392,[H]OC1=C(C2=C([H])C([H])=C(C([H])([H])O[C@@]([H])(C(=O)N([H])[C@]([H])(C(=O)N([H])C([H])([H])[H])C([H])(C([H])([H])[H])C([H])([H])[H])[C@]([H])(O[H])[C@@]([H])(O[H])[C@@]([H])(OC([H])([H])C3=C([H])C([H])=C(C4=C(O[H])C(=O)C([H])([H])C([H])([H])C4([H])[H])C([H])=C3[H])C(=O)N([H])[C@]([H])(C(=O)N([H])C([H])([H])[H])C([H])(C([H])([H])[H])C([H])([H])[H])C([H])=C2[H])C([H])([H])C([H])([H])C([H])([H])C1=O,[H]OC1=C(C2=C([H])C([H])=C(C([H])([H])[H])C([H])=C2[H])C([H])([H])C([H])([H])C([H])([H])C1=O,[H]OC1=C(C2=C([H])C([H])=C(C([H])([H])O[C@@]([H])(C([H])=O)[C@]([H])(O[H])[C@@]([H])(O[H])[C@@]([H])(O[H])C(=O)N([H])[C@]([H])(C(=O)N([H])C([H])([H])[H])C([H])(C([H])([H])[H])C([H])([H])[H])C([H])=C2[H])C([H])([H])C([H])([H])C([H])([H])C1=O,[H]N(C(=O)[C@@]([H])(N([H])[H])C([H])(C([H])([H])[H])C([H])([H])[H])C([H])([H])[H],38.66,2.812,25.016,2.754,30.582,0.765939,0.1314709,0.08553108,0.027863316,0.48567104,0.51182866,0.08785371,0.05715502,0.018619295,0.3245433,Cc1ccc(C2=C(O)C(=O)CCC2)cc1,CNC(=O)[C@@H](NC(=O)[C@H](O)[C@H](O)[C@@H](O)[C@H](C=O)OCc1ccc(C2=C(O)C(=O)CCC2)cc1)C(C)C,CNC(=O)[C@@H](N)C(C)C
1ec2_ligand_b429_752_dock.mol2,752,P03366,3.431798276,[H]O[C@@]([H])([C@@]([H])(OC([H])([H])C1=C([H])C([H])=C(C2=C([H])C([H])=C([H])C([H])=N2)C([H])=C1[H])C(=O)N([H])[C@]([H])(C(=O)N([H])C([H])([H])[H])C([H])(C([H])([H])[H])C([H])([H])[H])[C@@]([H])(O[H])[C@@]([H])(OC([H])([H])C1=C([H])C([H])=C(C2=C([H])C([H])=C([H])C([H])=N2)C([H])=C1[H])C(=O)N([H])[C@]([H])(C(=O)N([H])C([H])([H])[H])C([H])(C([H])([H])[H])C([H])([H])[H],[H]OC([H])([H])C1=C([H])C([H])=C(C2=C([H])C([H])=C([H])C([H])=N2)C([H])=C1[H],[H]O[C@@]([H])(C([H])([H])C(=O)N([H])[C@]([H])(C(=O)N([H])C([H])([H])[H])C([H])(C([H])([H])[H])C([H])([H])[H])[C@@]([H])(O[H])[C@@]([H])(OC([H])([H])C1=C([H])C([H])=C(C2=C([H])C([H])=C([H])C([H])=N2)C([H])=C1[H])C([H])=O,[H]N(C(=O)[C@@]([H])(N([H])[H])C([H])(C([H])([H])[H])C([H])([H])[H])C([H])([H])[H],35.421,3.782,25.096,2.536,31.414,0.5611204,0.12956364,0.090079755,0.024214558,0.5066173,0.42781508,0.09878322,0.06867951,0.018461907,0.38626027,OCc1ccc(-c2ccccn2)cc1,CNC(=O)[C@@H](NC(=O)C[C@H](O)[C@@H](O)[C@H](C=O)OCc1ccc(-c2ccccn2)cc1)C(C)C,CNC(=O)[C@@H](N)C(C)C
1ec2_ligand_b439_755_dock.mol2,755,P03366,2.787812396,[H]O[C@@]([H])([C@@]([H])(OC([H])([H])C1=C([H])C([H])=C(C([H])([H])C2=C([H])C([H])=C([H])C([H])=C2[H])C([H])=C1[H])C(=O)N([H])[C@]([H])(C(=O)N([H])C([H])([H])[H])C([H])(C([H])([H])[H])C([H])([H])[H])[C@@]([H])(O[H])[C@@]([H])(OC([H])([H])C1=C([H])C([H])=C(C([H])([H])C2=C([H])C([H])=C([H])C([H])=C2[H])C([H])=C1[H])C(=O)N([H])[C@]([H])(C(=O)N([H])C([H])([H])[H])C([H])(C([H])([H])[H])C([H])([H])[H],[H]N(C(=O)[C@@]([H])(N([H])[H])C([H])(C([H])([H])[H])C([H])([H])[H])C([H])([H])[H],[H]O[C@@]([H])([C@@]([H])(OC([H])([H])C1=C([H])C([H])=C(C([H])([H])C2=C([H])C([H])=C([H])C([H])=C2[H])C([H])=C1[H])C([H])=O)[C@@]([H])(O[H])[C@@]([H])(OC([H])([H])C1=C([H])C([H])=C(C([H])([H])C2=C([H])C([H])=C([H])C([H])=C2[H])C([H])=C1[H])C([H])=O,[H]N(C(=O)[C@@]([H])(N([H])[H])C([H])(C([H])([H])[H])C([H])([H])[H])C([H])([H])[H],34.797,2.885,28.771,2.565,34.221,0.445373,0.09102059,0.08995113,0.03465635,0.5324227,0.37318933,0.07626846,0.07537233,0.029039433,0.44613048,CNC(=O)[C@@H](N)C(C)C,O=C[C@H](OCc1ccc(Cc2ccccc2)cc1)[C@H](O)[C@@H](O)[C@H](C=O)OCc1ccc(Cc2ccccc2)cc1,CNC(=O)[C@@H](N)C(C)C
1g2k_ligand_a045_774_dock.mol2,774,P03366,0.580044252,[H]O[C@]1([H])[C@@]([H])(O[H])[C@@]([H])(C([H])([H])OC2=C([H])C([H])=C([H])C([H])=C2[H])N(C([H])([H])C2=C([H])C(C(=O)N([H])C([H])([H])[H])=C([H])C([H])=C2[H])S(=O)(=O)N(C([H])([H])C2=C([H])C([H])=C([H])C(C(=O)N([H])C([H])([H])[H])=C2[H])[C@]1([H])C([H])([H])OC1=C([H])C([H])=C([H])C([H])=C1[H],[H]C1=C([H])C([H])=C(OC([H])([H])[H])C([H])=C1[H],[H]O[C@@]1([H])C([H])([H])N(C([H])([H])C2=C([H])C([H])=C([H])C(C(=O)N([H])C([H])([H])[H])=C2[H])S(=O)(=O)N(C([H])([H])C2=C([H])C(C(=O)N([H])C([H])([H])[H])=C([H])C([H])=C2[H])C([H])([H])[C@]1([H])O[H],[H]C1=C([H])C([H])=C(OC([H])([H])[H])C([H])=C1[H],18.518,-0.032,16.022,1.462,17.452,1.061716,0.120607816,0.11063717,0.0377985,0.7733502,0.5045915,0.057320114,0.052581463,0.01796413,0.36754268,COc1ccccc1,CNC(=O)c1cccc(CN2C[C@H](O)[C@@H](O)CN(Cc3cccc(C(=O)NC)c3)S2(=O)=O)c1,COc1ccccc1
1g2k_ligand_native_773.mol2,773,P03366,1.156767222,[H]O[C@]1([H])[C@@]([H])(O[H])[C@@]([H])(C([H])([H])OC2=C([H])C([H])=C([H])C([H])=C2[H])N(C([H])([H])C2=C([H])C(C(=O)N([H])C([H])([H])[H])=C([H])C([H])=C2[H])S(=O)(=O)N(C([H])([H])C2=C([H])C([H])=C([H])C([H])=C2[H])[C@]1([H])C([H])([H])OC1=C([H])C([H])=C([H])C([H])=C1[H],[H]C1=C([H])C([H])=C(OC([H])([H])[H])C([H])=C1[H],[H]O[C@@]1([H])C([H])([H])N(C([H])([H])C2=C([H])C([H])=C([H])C([H])=C2[H])S(=O)(=O)N(C([H])([H])C2=C([H])C(C(=O)N([H])C([H])([H])[H])=C([H])C([H])=C2[H])C([H])([H])[C@]1([H])O[H],[H]C1=C([H])C([H])=C(OC([H])([H])[H])C([H])=C1[H],29.976,2.486,19.549,2.683,24.718,0.2452814,0.1419227,0.08070598,0.030833354,0.7124871,0.20250596,0.11717232,0.06663139,0.025456224,0.5882341,COc1ccccc1,CNC(=O)c1cccc(CN2C[C@H](O)[C@@H](O)CN(Cc3ccccc3)S2(=O)=O)c1,COc1ccccc1
1g35_ligand_a021_777_dock.mol2,777,P03366,1.563837353,[H]OC([H])([H])C1=C([H])C([H])=C(C([H])([H])N2[C@]([H])(C([H])([H])OC3=C([H])C([H])=C([H])C([H])=C3[H])[C@]([H])(O[H])[C@@]([H])(O[H])[C@@]([H])(C([H])([H])OC3=C([H])C([H])=C([H])C([H])=C3[H])N(C([H])([H])C3=C([H])C([H])=C(C([H])([H])O[H])C([H])=C3[H])S2(=O)=O)C([H])=C1[H],[H]OC([H])([H])C1=C([H])C([H])=C(C([H])([H])[H])C([H])=C1[H],[H]OC([H])([H])C1=C([H])C([H])=C(C([H])([H])N2C([H])([H])[C@]([H])(O[H])[C@@]([H])(O[H])[C@@]([H])(C([H])([H])OC3=C([H])C([H])=C([H])C([H])=C3[H])N([H])S2(=O)=O)C([H])=C1[H],[H]C1=C([H])C([H])=C(OC([H])([H])[H])C([H])=C1[H],29.425,2.283,22.463,2.248,26.994,0.27835083,0.09718269,0.087452486,0.041599866,0.6777515,0.23542422,0.0821954,0.073965766,0.03518443,0.57323027,Cc1ccc(CO)cc1,O=S1(=O)N[C@H](COc2ccccc2)[C@H](O)[C@@H](O)CN1Cc1ccc(CO)cc1,COc1ccccc1
1g35_ligand_a023_779_dock.mol2,779,P03366,0.8569852,[H]OC([H])([H])C([H])([H])C1=C([H])C([H])=C(C([H])([H])N2[C@]([H])(C([H])([H])OC3=C([H])C([H])=C([H])C([H])=C3[H])[C@]([H])(O[H])[C@@]([H])(O[H])[C@@]([H])(C([H])([H])OC3=C([H])C([H])=C([H])C([H])=C3[H])N(C([H])([H])C3=C([H])C([H])=C(C([H])([H])C([H])([H])O[H])C([H])=C3[H])S2(=O)=O)C([H])=C1[H],[H]C1=C([H])C([H])=C(OC([H])([H])[H])C([H])=C1[H],[H]OC([H])([H])C([H])([H])C1=C([H])C([H])=C(C([H])([H])N2[C@]([H])(C([H])([H])OC3=C([H])C([H])=C([H])C([H])=C3[H])[C@]([H])(O[H])[C@@]([H])(O[H])C([H])([H])N(C([H])([H])[H])S2(=O)=O)C([H])=C1[H],[H]OC([H])([H])C([H])([H])C1=C([H])C([H])=C([H])C([H])=C1[H],24.23,2.313,9.458,3.474,15.245,0.7879586,0.11627461,0.06196883,0.027875416,0.7879984,0.44215772,0.06524672,0.034773394,0.015642105,0.44218004,COc1ccccc1,CN1C[C@H](O)[C@@H](O)[C@@H](COc2ccccc2)N(Cc2ccc(CCO)cc2)S1(=O)=O,OCCc1ccccc1
1g35_ligand_a030_778_dock.mol2,778,P03366,1.37675071,[H]O/N=C(/C1=C([H])C([H])=C(C([H])([H])N2[C@]([H])(C([H])([H])OC3=C([H])C([H])=C([H])C([H])=C3[H])[C@]([H])(O[H])[C@@]([H])(O[H])[C@@]([H])(C([H])([H])OC3=C([H])C([H])=C([H])C([H])=C3[H])N(C([H])([H])C3=C([H])C([H])=C(/C(=N/O[H])C([H])([H])[H])C([H])=C3[H])S2(=O)=O)C([H])=C1[H])C([H])([H])[H],[H]O/N=C(/C1=C([H])C([H])=C(C([H])([H])[H])C([H])=C1[H])C([H])([H])[H],[H]O[C@]1([H])[C@@]([H])(O[H])[C@@]([H])(C([H])([H])OC2=C([H])C([H])=C([H])C([H])=C2[H])N([H])S(=O)(=O)N([H])[C@]1([H])C([H])([H])OC1=C([H])C([H])=C([H])C([H])=C1[H],[H]O/N=C(/C1=C([H])C([H])=C(C([H])([H])[H])C([H])=C1[H])C([H])([H])[H],25.333,7.634,12.831,2.521,22.986,0.67479163,0.15327412,0.0739244,0.03636447,0.79710275,0.38882637,0.088319145,0.042596493,0.020953825,0.45930412,C/C(=N\O)c1ccc(C)cc1,O=S1(=O)N[C@H](COc2ccccc2)[C@H](O)[C@@H](O)[C@@H](COc2ccccc2)N1,C/C(=N\O)c1ccc(C)cc1
1g35_ligand_native_775.mol2,775,P03366,1.164309429,[H]OC([H])([H])C1=C([H])C([H])=C(C([H])([H])N2[C@]([H])(C([H])([H])OC3=C([H])C([H])=C([H])C([H])=C3[H])[C@]([H])(O[H])[C@@]([H])(O[H])[C@@]([H])(C([H])([H])OC3=C([H])C([H])=C([H])C([H])=C3[H])N(C([H])([H])C3=C([H])C([H])=C(C(=O)OC([H])([H])[H])C([H])=C3[H])S2(=O)=O)C([H])=C1[H],[H]C1=C([H])C([H])=C(OC([H])([H])[H])C([H])=C1[H],[H]OC([H])([H])C1=C([H])C([H])=C(C([H])([H])N2C([H])([H])[C@]([H])(O[H])[C@@]([H])(O[H])C([H])([H])N(C([H])([H])C3=C([H])C([H])=C(C(=O)OC([H])([H])[H])C([H])=C3[H])S2(=O)=O)C([H])=C1[H],[H]C1=C([H])C([H])=C(OC([H])([H])[H])C([H])=C1[H],28.38,1.188,13.739,5.712,20.639,0.31833756,0.124334276,0.04604928,0.03151299,0.7786353,0.2450882,0.09572501,0.035453357,0.024261862,0.5994716,COc1ccccc1,COC(=O)c1ccc(CN2C[C@H](O)[C@@H](O)CN(Cc3ccc(CO)cc3)S2(=O)=O)cc1,COc1ccccc1
1hiv_ligand_b295_781_dock.mol2,781,P03366,0.360513511,[H]O[C@]([H])(C([H])([H])N([H])C1=C(C(=O)N([H])C(C([H])([H])[H])(C([H])([H])[H])C([H])([H])[H])C([H])=C([H])C([H])=C1[H])[C@@]([H])(N([H])C(=O)[C@@]([H])(N([H])C(=O)OC([H])([H])C1=C([H])C([H])=C([H])C([H])=C1[H])C([H])([H])C(=O)N([H])[H])C([H])([H])C1=C([H])C([H])=C([H])C([H])=C1[H],[H]OC([H])([H])C1=C([H])C([H])=C([H])C([H])=C1[H],[H]C(=O)N([H])[C@]([H])(C([H])=O)C([H])([H])C(=O)N([H])[H],[H]O[C@]([H])(C([H])([H])N([H])C1=C(C(=O)N([H])C(C([H])([H])[H])(C([H])([H])[H])C([H])([H])[H])C([H])=C([H])C([H])=C1[H])[C@@]([H])(N([H])[H])C([H])([H])C1=C([H])C([H])=C([H])C([H])=C1[H],25.64,1.872,3.635,17.437,22.944,0.8901239,0.117777415,0.060417816,0.081001975,0.7905586,0.4588552,0.060713775,0.031145137,0.041756187,0.4075297,OCc1ccccc1,NC(=O)C[C@@H](C=O)NC=O,CC(C)(C)NC(=O)c1ccccc1NC[C@@H](O)[C@@H](N)Cc1ccccc1
1hiv_ligand_u75875_780_dock.mol2,780,P03366,2.2644011,[H]O[C@]([H])([C@@]([H])(N([H])C(=O)[C@@]([H])(N([H])C(=O)C([H])([H])O/C1=C([H])/C([H])=C(/[H])C2=C1C([H])=C([H])C([H])=C2[H])C([H])([H])C1=C([H])N=C([H])N1[H])C([H])([H])C1([H])C([H])([H])C([H])([H])C([H])([H])C([H])([H])C1([H])[H])[C@]([H])(O[H])[C@]([H])(C(=O)N([H])[C@]([H])(C(=O)N([H])C([H])([H])C1=C([H])C([H])=C([H])C([H])=N1)[C@@]([H])(C([H])([H])[H])C([H])([H])C([H])([H])[H])C([H])(C([H])([H])[H])C([H])([H])[H],[H]C1=NC(C([H])([H])N([H])[H])=C([H])C([H])=C1[H],[H]O[C@]([H])([C@@]([H])(N([H])C(=O)[C@@]([H])(N([H])C(=O)C([H])([H])[H])C([H])([H])C1=C([H])N=C([H])N1[H])C([H])([H])C1([H])C([H])([H])C([H])([H])C([H])([H])C([H])([H])C1([H])[H])[C@]([H])(O[H])[C@]([H])(C(=O)N([H])[C@]([H])(C([H])=O)[C@@]([H])(C([H])([H])[H])C([H])([H])C([H])([H])[H])C([H])(C([H])([H])[H])C([H])([H])[H],[H]O/C1=C([H])/C([H])=C(/[H])C2=C1C([H])=C([H])C([H])=C2[H],34.557,0.97,28.276,1.028,30.274,0.4093026,0.12369496,0.059432276,0.033610284,0.5303178,0.3539584,0.10696944,0.05139609,0.029065643,0.45861042,NCc1ccccn1,CC[C@H](C)[C@@H](C=O)NC(=O)[C@H](C(C)C)[C@@H](O)[C@H](O)[C@H](CC1CCCCC1)NC(=O)[C@H](Cc1cnc[nH]1)NC(C)=O,Oc1cccc2ccccc12
1kv2_ligand_native_3.mol2,3,Q16539,5.080921908,[H]C1=C([H])C([H])=C2C(=C1[H])/C(OC([H])([H])C([H])([H])[N+]1([H])C([H])([H])C([H])([H])OC([H])([H])C1([H])[H])=C([H])\C([H])=C/2N([H])C(=O)N([H])C1=C([H])C(C(C([H])([H])[H])(C([H])([H])[H])C([H])([H])[H])=NN1C1=C([H])C([H])=C(C([H])([H])[H])C([H])=C1[H],[H]OC([H])([H])C([H])([H])[N+]1([H])C([H])([H])C([H])([H])OC([H])([H])C1([H])[H],[H]C(=O)N([H])C1=C([H])C(C(C([H])([H])[H])(C([H])([H])[H])C([H])([H])[H])=NN1C1=C([H])C([H])=C(C([H])([H])[H])C([H])=C1[H],[H]C1=C([H])C([H])=C2C(=C1[H])/C([H])=C([H])\C([H])=C/2N([H])[H],56.261,17.387,26.169,0.203,43.759,1.2151237,0.055142608,0.115921505,0.028638057,1.53231,0.4123066,0.018710574,0.03933361,0.00971725,0.5199319,OCC[NH+]1CCOCC1,Cc1ccc(-n2nc(C(C)(C)C)cc2NC=O)cc1,Nc1cccc2ccccc12
1ohr_ligand_native_785.mol2,785,P03366,3.173925197,[H]OC1=C(C([H])([H])[H])C(C(=O)N([H])[C@@]([H])(C([H])([H])SC2=C([H])C([H])=C([H])C([H])=C2[H])[C@]([H])(O[H])C([H])([H])[N@+]2([H])C([H])([H])[C@@]3([H])C([H])([H])C([H])([H])C([H])([H])C([H])([H])[C@@]3([H])C([H])([H])[C@@]2([H])C(=O)N([H])C(C([H])([H])[H])(C([H])([H])[H])C([H])([H])[H])=C([H])C([H])=C1[H],[H]OC1=C(C([H])([H])[H])C(C([H])=O)=C([H])C([H])=C1[H],[H]SC1=C([H])C([H])=C([H])C([H])=C1[H],[H]O[C@]([H])(C([H])([H])[N@+]1([H])C([H])([H])[C@@]2([H])C([H])([H])C([H])([H])C([H])([H])C([H])([H])[C@@]2([H])C([H])([H])[C@@]1([H])C(=O)N([H])C(C([H])([H])[H])(C([H])([H])[H])C([H])([H])[H])[C@@]([H])(N([H])[H])C([H])([H])[H],37.093,6.121,1.075,23.519,30.715,0.566327,0.041156683,0.07301815,0.07864085,0.4573067,0.46555737,0.03383345,0.060025636,0.06464786,0.37593567,Cc1c(O)cccc1C=O,Sc1ccccc1,C[C@H](N)[C@H](O)C[N@@H+]1C[C@H]2CCCC[C@H]2C[C@H]1C(=O)NC(C)(C)C
2bpx_ligand_native_786.mol2,786,P03366,2.801342913,[H]O[C@@]([H])(C([H])([H])[C@]([H])(C(=O)N([H])[C@@]1([H])C2=C([H])C([H])=C([H])C([H])=C2C([H])([H])[C@@]1([H])O[H])C([H])([H])C1=C([H])C([H])=C([H])C([H])=C1[H])C([H])([H])[N@+]1([H])C([H])([H])C([H])([H])[N@@+]([H])(C([H])([H])C2=C([H])N=C([H])C([H])=C2[H])C([H])([H])[C@@]1([H])C(=O)N([H])C(C([H])([H])[H])(C([H])([H])[H])C([H])([H])[H],[H]C1=NC([H])=C(C([H])([H])[N@+]2([H])C([H])([H])C([H])([H])[N+]([H])([H])[C@]([H])(C(=O)N([H])C(C([H])([H])[H])(C([H])([H])[H])C([H])([H])[H])C2([H])[H])C([H])=C1[H],[H]O[C@]([H])(C([H])([H])[H])C([H])([H])[C@]([H])(C([H])=O)C([H])([H])C1=C([H])C([H])=C([H])C([H])=C1[H],[H]O[C@]1([H])C([H])([H])C2=C([H])C([H])=C([H])C([H])=C2[C@]1([H])N([H])[H],29.811,25.965,11.71,4.828,42.503,0.198306,0.07530342,0.06479825,0.046912476,1.0099406,0.14212826,0.053970855,0.046441678,0.03362273,0.7238364,CC(C)(C)NC(=O)[C@@H]1C[N@H+](Cc2cccnc2)CC[NH2+]1,C[C@@H](O)C[C@H](C=O)Cc1ccccc1,N[C@H]1c2ccccc2C[C@H]1O
2uwd_ligand_native_498.mol2,498,P07900,2.677780705,[H]OC1=C([H])C(O[H])=C(C2=C(C3=C([H])C([H])=C(OC([H])([H])[H])C([H])=C3[H])C(C(=O)N([H])C([H])([H])C([H])([H])[H])=NO2)C([H])=C1Cl,[H]C1=C([H])C(C(=O)N([H])C([H])([H])C([H])([H])[H])=NO1,[H]OC1=C([H])C([H])=C(Cl)C(O[H])=C1[H],[H]C1=C([H])C([H])=C(OC([H])([H])[H])C([H])=C1[H],34.386,4.238,15.26,6.321,25.819,0.5841647,0.04780513,0.09368757,0.024825811,0.68047273,0.40823388,0.03340783,0.06547202,0.01734911,0.47553718,CCNC(=O)c1ccon1,Oc1ccc(Cl)c(O)c1,COc1ccccc1
2vci_ligand_native_497.mol2,497,P07900,4.0,[H]OC1=C([H])C(O[H])=C(C([H])(C([H])([H])[H])C([H])([H])[H])C([H])=C1C1=C(C2=C([H])C([H])=C(C([H])([H])N3C([H])([H])C([H])([H])OC([H])([H])C3([H])[H])C([H])=C2[H])C(C(=O)N([H])C([H])([H])C([H])([H])[H])=NO1,[H]OC1=C([H])C(O[H])=C(C([H])(C([H])([H])[H])C([H])([H])[H])C([H])=C1[H],[H]C1=C([H])C(C(=O)N([H])C([H])([H])C([H])([H])[H])=NO1,[H]C1=C([H])C([H])=C(C([H])([H])N2C([H])([H])C([H])([H])OC([H])([H])C2([H])[H])C([H])=C1[H],36.153,24.917,11.099,11.099,47.115,0.6175542,0.079293005,0.041470453,0.024912316,1.2077161,0.3133288,0.040230937,0.021040887,0.012639776,0.6127596,CC(C)c1ccc(O)cc1O,CCNC(=O)c1ccon1,c1ccc(CN2CCOCC2)cc1
2ydv_ligand_4_dock,802,P29274,2.823908741,[H]O[C@]1([H])[C@@]([H])(C([H])([H])SC([H])([H])[H])O[C@@]([H])(N2C([H])=NC3=C(N([H])[H])/N=C(C#CC([H])([H])C([H])([H])C([H])([H])C([H])([H])[H])\N=C\32)[C@]1([H])O[H],[H]C1=NC2=C(N([H])[H])/N=C([H])\N=C\2N1[H],[H]O[C@@]1([H])C([H])([H])O[C@]([H])(C([H])([H])SC([H])([H])[H])[C@@]1([H])O[H],[H]C#CC([H])([H])C([H])([H])C([H])([H])C([H])([H])[H],42.727,9.185,7.547,18.6,35.332,0.6955576,0.048322827,0.033653773,0.016340785,0.545995,0.5191232,0.03606531,0.025117194,0.012195799,0.40749848,Nc1ncnc2[nH]cnc12,CSC[C@H]1OC[C@H](O)[C@@H]1O,C#CCCCC
2ydv_ligand_5_dock,803,P29274,3.0,[H]OC([H])([H])[C@@]1([H])O[C@@]([H])(N2C(N([H])C([H])([H])[H])=NC3=C(N([H])[H])/N=C(C#CC([H])([H])C([H])([H])C([H])([H])C([H])([H])[H])\N=C\32)[C@]([H])(O[H])[C@]1([H])O[H],[H]C1=N\C(N([H])[H])=C2\N=C(N([H])C([H])([H])[H])N([H])\C2=N\1,[H]OC([H])([H])[C@@]1([H])OC([H])([H])[C@]([H])(O[H])[C@]1([H])O[H],[H]C#CC([H])([H])C([H])([H])C([H])([H])C([H])([H])[H],39.071,10.055,6.659,18.772,35.486,0.69646,0.054084364,0.04571798,0.019419163,0.5695893,0.5027609,0.039042447,0.03300292,0.014018316,0.41117543,CNc1nc2c(N)ncnc2[nH]1,OC[C@H]1OC[C@H](O)[C@@H]1O,C#CCCCC
2ydv_ligand_native_1,801,P29274,3.301029996,[H]O[C@]1([H])[C@@]([H])(C(=O)N([H])C([H])([H])C([H])([H])[H])O[C@@]([H])(N2C([H])=NC3=C2N([H])C([H])=NC3([H])N([H])[H])[C@]1([H])O[H],[H]C1=NC2=C(N1[H])N([H])C([H])=NC2([H])N([H])[H],[H]O[C@@]1([H])C([H])([H])OC([H])([H])[C@@]1([H])O[H],[H]C(=O)N([H])C([H])([H])C([H])([H])[H],43.562,5.117,24.141,7.918,37.176,0.7518143,0.035754994,0.0676461,0.02544193,0.6523993,0.4904022,0.023322683,0.044124987,0.016595557,0.4255546,NC1N=CNc2[nH]cnc21,O[C@@H]1COC[C@@H]1O,CCNC=O
2yis_ligand_native_17.mol2,17,Q16539,5.619788758,[H]OC1=C(Cl)C([H])=C(N2N=C(C(C([H])([H])[H])(C([H])([H])[H])C([H])([H])[H])C([H])=C2N([H])C(=O)N([H])C([H])([H])C2=C([H])C([H])=C([H])C([H])=C2SC2=C([H])N3C(=NN=C3C3=C([H])C([H])=C([H])C([H])=C3SC([H])([H])C([H])([H])O[H])C([H])=C2[H])C([H])=C1[H],[H]OC([H])([H])C([H])([H])SC1=C([H])C([H])=C([H])C([H])=C1C1=NN=C2C([H])=C([H])C([H])=C([H])N21,[H]OC1=C(Cl)C([H])=C(N2N=C(C(C([H])([H])[H])(C([H])([H])[H])C([H])([H])[H])C([H])=C2N([H])C(=O)N([H])[H])C([H])=C1[H],[H]SC1=C([H])C([H])=C([H])C([H])=C1C([H])([H])[H],51.923,9.904,22.233,26.702,58.839,1.2128048,0.12994976,0.171053,0.08630834,1.5468146,0.3853929,0.041294128,0.054355506,0.027426196,0.4915312,OCCSc1ccccc1-c1nnc2ccccn12,CC(C)(C)c1cc(NC(N)=O)n(-c2ccc(O)c(Cl)c2)n1,Cc1ccccc1S
2yiw_ligand_native_16.mol2,16,Q16539,4.397940009,[H]C1=C([H])C(SC2=C([H])C([H])=C([H])C([H])=C2C([H])([H])N([H])C(=O)N([H])C2=C([H])C(C(C([H])([H])[H])(C([H])([H])[H])C([H])([H])[H])=NN2C2=C([H])C([H])=C([H])C([H])=C2[H])=C([H])N2C1=NN=C2C([H])(C([H])([H])[H])C([H])([H])[H],[H]C1=C([H])/C2=N/N=C(/C([H])(C([H])([H])[H])C([H])([H])[H])N2C([H])=C1[H],[H]SC1=C([H])C([H])=C([H])C([H])=C1[H],[H]C1=C([H])C([H])=C(N2N=C(C(C([H])([H])[H])(C([H])([H])[H])C([H])([H])[H])C([H])=C2N([H])C(=O)N([H])C([H])([H])[H])C([H])=C1[H],42.505,13.45,5.517,27.728,46.695,0.8428805,0.032373425,0.08124369,0.06835979,1.4298732,0.34336987,0.013188179,0.033096783,0.027848186,0.582497,CC(C)c1nnc2ccccn12,Sc1ccccc1,CNC(=O)Nc1cc(C(C)(C)C)nn1-c1ccccc1
2yki_ligand_native_217.mol2,217,P07900,3.920818754,[H]C1=C([H])C([H])=C2C(=C1[H])C1=C(C3=NC4=C([H])/C([H])=N\C([H])=C\4N3[H])/C([H])=C([H])\C([H])=C\1[C@]2([H])N([H])C(=O)/C1=C([H])/C([H])=N\C2=C1C([H])=C([H])N2[H],[H]C1=C([H])N([H])C2=C1/C([H])=C([H])\C([H])=N/2,[H]C(=O)N([H])C1([H])C2=C([H])C([H])=C([H])C([H])=C2C2=C([H])C([H])=C([H])C([H])=C21,[H]C1=NC2=C([H])/C([H])=N\C([H])=C\2N1[H],44.302,4.11,26.292,4.115,34.517,1.1066866,0.047396746,0.10793041,0.02207649,0.6257457,0.5794668,0.02481718,0.05651292,0.011559363,0.3276437,c1cnc2[nH]ccc2c1,O=CNC1c2ccccc2-c2ccccc21,c1cc2nc[nH]c2cn1
3d83_ligand_native_10.mol2,10,Q16539,2.075720714,[H]C1=NC(N2C([H])([H])C([H])([H])OC([H])([H])C2([H])[H])=C([H])C(C(=O)N([H])C2=C([H])C(C3=C([H])C([H])=C(C(=O)N([H])C([H])([H])C4([H])C([H])([H])C4([H])[H])C([H])=C3[H])=C(C([H])([H])[H])C([H])=C2[H])=C1[H],[H]C1=C([H])C([H])=C(C(=O)N([H])C([H])([H])C2([H])C([H])([H])C2([H])[H])C([H])=C1[H],[H]C(=O)C1=C([H])C([H])=NC(N2C([H])([H])C([H])([H])OC([H])([H])C2([H])[H])=C1[H],[H]C1=C([H])C(C([H])([H])[H])=C([H])C([H])=C1N([H])[H],37.63,3.696,30.319,4.824,38.839,0.4513185,0.08186464,0.054277014,0.04189781,0.7904011,0.31788388,0.05766094,0.038229737,0.02951051,0.55671495,O=C(NCC1CC1)c1ccccc1,O=Cc1ccnc(N2CCOCC2)c1,Cc1ccc(N)cc1
3ekv_ligand_native_787.mol2,787,P03366,2.311580178,[H]O[C@]([H])(C([H])([H])N(C([H])([H])C([H])(C([H])([H])[H])C([H])([H])[H])S(=O)(=O)C1=C([H])C([H])=C(N([H])[H])C([H])=C1[H])[C@@]([H])(N([H])C(=O)O[C@]1([H])C([H])([H])OC([H])([H])C1([H])[H])C([H])([H])C1=C([H])C([H])=C([H])C([H])=C1[H],[H]N([H])C(=O)O[C@]1([H])C([H])([H])OC([H])([H])C1([H])[H],[H]C1=C([H])C(S([H])(=O)=O)=C([H])C([H])=C1N([H])[H],[H]O[C@]([H])(C([H])([H])N([H])C([H])([H])C([H])(C([H])([H])[H])C([H])([H])[H])C([H])([H])C([H])([H])C1=C([H])C([H])=C([H])C([H])=C1[H],33.104,3.653,4.694,19.919,28.266,0.40939042,0.0732806,0.041974694,0.02726132,0.6096414,0.3524523,0.06308872,0.036136843,0.023469811,0.52485234,NC(=O)O[C@H]1CCOC1,Nc1ccc([SH](=O)=O)cc1,CC(C)CNC[C@@H](O)CCc1ccccc1
3hec_ligand_native_1.mol2,1,Q16539,0.420216403,[H]C1=NC([H])=C(C2=C([H])C([H])=NC(N([H])C3=C(C([H])([H])[H])C([H])=C([H])C(N([H])C(=O)C4=C([H])C([H])=C(C([H])([H])[N+]5([H])C([H])([H])C([H])([H])[N+]([H])(C([H])([H])[H])C([H])([H])C5([H])[H])C([H])=C4[H])=C3[H])=N2)C([H])=C1[H],[H]C([H])([H])[N+]1([H])C([H])([H])C([H])([H])[N+]([H])(C([H])([H])[H])C([H])([H])C1([H])[H],[H]C1=C([H])C([H])=C(C(=O)N([H])[H])C([H])=C1[H],[H]C1=NC([H])=C(C2=C([H])C([H])=NC(N([H])C3=C(C([H])([H])[H])C([H])=C([H])C([H])=C3[H])=N2)C([H])=C1[H],25.745,3.484,10.324,6.39,20.198,0.8085652,0.10946747,0.04953327,0.07317809,0.8781476,0.42137098,0.05704724,0.02581348,0.038135607,0.45763275,C[NH+]1CC[NH+](C)CC1,NC(=O)c1ccccc1,Cc1ccccc1Nc1nccc(-c2cccnc2)n1
3heg_ligand_native_2.mol2,2,Q16539,1.744727495,[H]C1=NC(C(=O)N([H])C([H])([H])[H])=C([H])C(OC2=C([H])C([H])=C(N([H])C(=O)N([H])C3=C([H])C(C(F)(F)F)=C(Cl)C([H])=C3[H])C([H])=C2[H])=C1[H],[H]OC1=C([H])C([H])=NC(C(=O)N([H])C([H])([H])[H])=C1[H],[H]C1=C([H])C(Cl)=C(C(F)(F)F)C([H])=C1[H],[H]C1=C([H])C([H])=C(N([H])C(=O)N([H])[H])C([H])=C1[H],23.5,14.228,7.997,14.825,37.05,0.7787056,0.068554506,0.10440528,0.037728168,0.77674437,0.4409087,0.038816053,0.05911502,0.02136196,0.43979824,CNC(=O)c1cc(O)ccn1,FC(F)(F)c1ccccc1Cl,NC(=O)Nc1ccccc1
3oxc_ligand_native_783.mol2,783,P03366,3.638272164,[H]O[C@]([H])(C([H])([H])[N@+]1([H])C([H])([H])[C@@]2([H])C([H])([H])C([H])([H])C([H])([H])C([H])([H])[C@@]2([H])C([H])([H])[C@@]1([H])C(=O)N([H])C(C([H])([H])[H])(C([H])([H])[H])C([H])([H])[H])[C@@]([H])(N([H])C(=O)[C@@]([H])(N([H])C(=O)C1=N/C2=C([H])C([H])=C([H])C([H])=C2/C([H])=C\1[H])C([H])([H])C(=O)N([H])[H])C([H])([H])C1=C([H])C([H])=C([H])C([H])=C1[H],[H]C(=O)N([H])C(C([H])([H])[H])(C([H])([H])[H])C([H])([H])[H],[H]C(=O)[C@@]([H])(N([H])C(=O)C1=N/C2=C([H])C([H])=C([H])C([H])=C2/C([H])=C\1[H])C([H])([H])C(=O)N([H])[H],[H]O[C@]([H])(C([H])([H])[N@@+]1([H])C([H])([H])C([H])([H])[C@]2([H])C([H])([H])C([H])([H])C([H])([H])C([H])([H])[C@]2([H])C1([H])[H])[C@@]([H])(N([H])[H])C([H])([H])C1=C([H])C([H])=C([H])C([H])=C1[H],41.059,2.887,5.926,33.795,42.608,0.7827891,0.078699015,0.054799438,0.088616945,1.0841584,0.37470824,0.03767192,0.026231587,0.04241947,0.51896876,CC(C)(C)NC=O,NC(=O)C[C@@H](C=O)NC(=O)c1ccc2ccccc2n1,N[C@@H](Cc1ccccc1)[C@H](O)C[N@H+]1CC[C@@H]2CCCC[C@@H]2C1
3uzc_ligand_10_dock,807,P29274,1.369572125,[H]C1=C([H])C(C2=NC(N([H])[H])=NN=C2C2=C([H])C(C([H])([H])[H])=NC(C([H])([H])[H])=C2[H])=C([H])C(F)=C1[H],[H]C1=C([H])C([H])=C(F)C([H])=C1[H],[H]C1=C([H])C([H])=C(C([H])([H])[H])N=C1C([H])([H])[H],[H]C1=NN=C(N([H])[H])N=C1[H],24.163,7.055,18.02,7.753,32.828,0.775756,0.085951455,0.072011024,0.041850828,0.5005625,0.5255331,0.058227498,0.048783604,0.02835169,0.33910424,Fc1ccccc1,Cc1cccc(C)n1,Nc1nccnn1
3uzc_ligand_11_dock,808,P29274,0.93930216,[H]C1=C([H])C(C2=NC(N([H])[H])=NN=C2C2=C([H])C(C([H])([H])[H])=NC(C([H])([H])[H])=C2[H])=C([H])C([H])=C1F,[H]C1=C([H])C([H])=C(F)C([H])=C1[H],[H]C1=C([H])C([H])=C(C([H])([H])[H])N=C1C([H])([H])[H],[H]C1=NN=C(N([H])[H])N=C1[H],23.795,8.614,10.62,2.031,21.265,0.7581958,0.06661437,0.041612424,0.024582323,0.7015829,0.47607782,0.04182775,0.026128808,0.015435457,0.4405301,Fc1ccccc1,Cc1cccc(C)n1,Nc1nccnn1
3uzc_ligand_12_dock,809,P29274,1.93930216,[H]C1=C([H])C([H])=C(C2=NC(N([H])[H])=NN=C2C2=C([H])C(C([H])([H])[H])=NC(C([H])([H])[H])=C2[H])C([H])=C1[H],[H]C1=C([H])C([H])=C([H])C([H])=C1[H],[H]C1=C([H])C([H])=C(C([H])([H])[H])N=C1C([H])([H])[H],[H]C1=NN=C(N([H])[H])N=C1[H],38.19,4.635,12.444,11.246,28.325,0.5167202,0.06471143,0.031441227,0.023756078,0.78965116,0.36228523,0.045370776,0.022044217,0.01665597,0.5536438,c1ccccc1,Cc1cccc(C)n1,Nc1nccnn1
3uzc_ligand_14_dock,810,P29274,0.774690718,[H]C1=C([H])C([H])=C(C2=NC(N([H])[H])=NN=C2C2=C([H])C(Cl)=C([H])C([H])=C2[H])C([H])=C1[H],[H]C1=C([H])C([H])=C([H])C([H])=C1[H],[H]C1=C([H])C([H])=C(Cl)C([H])=C1[H],[H]C1=NN=C(N([H])[H])N=C1[H],26.505,9.844,14.675,3.272,27.791,0.6916213,0.09625801,0.06312525,0.03523555,0.6721421,0.44380724,0.06176791,0.040506914,0.02261034,0.4313076,c1ccccc1,Clc1ccccc1,Nc1nccnn1
3uzc_ligand_8_dock,805,P29274,1.053547735,[H]C1=C(F)C([H])=C(C2=NC(N([H])[H])=NN=C2C2=C([H])C(C([H])([H])[H])=NC(C([H])([H])[H])=C2[H])C([H])=C1F,[H]C1=C([H])C(F)=C([H])C(F)=C1[H],[H]C1=C([H])C([H])=C(C([H])([H])[H])N=C1C([H])([H])[H],[H]C1=C([H])N=C(N([H])[H])N=N1,27.928,5.387,13.857,4.594,23.838,0.42881763,0.058162637,0.029924035,0.02684947,0.70057195,0.3446185,0.046742294,0.024048395,0.021577526,0.5630134,Fc1cccc(F)c1,Cc1cccc(C)n1,Nc1nccnn1
3uzc_ligand_9_dock,806,P29274,1.388276692,[H]C1=C([H])C(C2=NC(N([H])[H])=NN=C2C2=C([H])C(C([H])([H])[H])=NC(C(F)(F)F)=C2[H])=C([H])C([H])=C1F,[H]C1=C([H])C([H])=C(F)C([H])=C1[H],[H]C1=C([H])C([H])=C(C([H])([H])[H])N=C1C(F)(F)F,[H]C1=C([H])N=C(N([H])[H])N=N1,26.475,5.006,14.227,8.029,27.262,0.63253397,0.052464787,0.07363736,0.03697528,0.6509325,0.43727255,0.036269058,0.05090572,0.025561117,0.44999152,Fc1ccccc1,Cc1cccc(C(F)(F)F)n1,Nc1nccnn1
3uzc_ligand_native_7,804,P29274,2.995678626,[H]OC1=C(Cl)C([H])=C(C2=NN=C(N([H])[H])N=C2C2=C([H])C([H])=C([H])C([H])=C2[H])C([H])=C1[H],[H]C1=C([H])C([H])=C([H])C([H])=C1[H],[H]OC1=C(Cl)C([H])=C([H])C([H])=C1[H],[H]C1=NN=C(N([H])[H])N=C1[H],39.409,12.79,15.798,6.007,34.595,0.7430769,0.06672005,0.08148686,0.030397046,0.5410482,0.50800717,0.0456134,0.055708777,0.020781048,0.36988953,c1ccccc1,Oc1ccccc1Cl,Nc1nccnn1
4crl_ligand_native_229.mol2,229,P49336,4.197226275,[H]O[C@]1([H])/C2=C([H])/C3=C(\[H])C([H])([H])[C@]4(C([H])([H])[H])[C@@]([H])(C5=C(\[H])C6=C([H])N=C([H])C([H])=C6/C([H])=C\5[H])C([H])([H])C([H])([H])[C@@]4([H])[C@]34O[C@]2(C([H])([H])C4([H])[H])C([H])([H])[C@]([H])([N+]([H])(C([H])([H])[H])C([H])([H])[H])[C@@]1([H])O[H],[H]C1=C([H])C2=C([H])/N=C([H])\C([H])=C\2C([H])=C1[H],[H]O[C@]1([H])/C2=C([H])/C3=C(\[H])C([H])([H])[C@]4(C([H])([H])[H])C([H])([H])C([H])([H])C([H])([H])[C@@]4([H])[C@]34O[C@]2(C([H])([H])C4([H])[H])C([H])([H])C([H])([H])[C@@]1([H])O[H],[H]C([H])([H])[N+]([H])([H])C([H])([H])[H],38.442,7.42,28.422,-0.014,35.828,0.7720712,0.12744853,0.14131021,0.032345425,0.85647297,0.4001098,0.06604754,0.07323107,0.016762342,0.44384927,c1ccc2cnccc2c1,C[C@]12CC=C3C=C4[C@@H](O)[C@H](O)CC[C@]45CC[C@]3(O5)[C@@H]1CCC2,C[NH2+]C
4f6u_ligand_native_232.mol2,232,P49336,2.928117993,[H]C1=C([H])C(C([H])([H])[H])=C([H])C([H])=C1N1N=C(C(C([H])([H])[H])(C([H])([H])[H])C([H])([H])[H])C([H])=C1N([H])C(=O)N([H])C([H])([H])C([H])([H])C([H])([H])[N+]1([H])C([H])([H])C([H])([H])OC([H])([H])C1([H])[H],[H]C([H])([H])C([H])(C([H])([H])[H])C([H])([H])[H],[H]N([H])C(=O)N([H])C([H])([H])C([H])([H])C([H])([H])[N+]1([H])C([H])([H])C([H])([H])OC([H])([H])C1([H])[H],[H]C1=NN(C2=C([H])C([H])=C(C([H])([H])[H])C([H])=C2[H])C([H])=C1[H],32.313,19.682,5.953,8.078,33.713,0.31171218,0.06548213,0.045195103,0.028955035,0.44431135,0.34802675,0.07311082,0.050460346,0.032328304,0.49607375,CC(C)C,NC(=O)NCCC[NH+]1CCOCC1,Cc1ccc(-n2cccn2)cc1
4f6w_ligand_native_230.mol2,230,P49336,4.991399828,[H]C1=C([H])C(C([H])([H])[H])=C([H])C([H])=C1N1N=C(C(C([H])([H])[H])(C([H])([H])[H])C([H])([H])[H])C([H])=C1N([H])C(=O)N([H])C([H])([H])C([H])([H])[N+]1([H])C([H])([H])C([H])([H])N(C(=O)N([H])C2=C([H])C(C(C([H])([H])[H])(C([H])([H])[H])C([H])([H])[H])=NN2C2=C([H])C([H])=C(C([H])([H])[H])C([H])=C2[H])C([H])([H])C1([H])[H],[H]C1=C([H])C(C([H])([H])[H])=C([H])C([H])=C1N1N=C(C(C([H])([H])[H])(C([H])([H])[H])C([H])([H])[H])C([H])=C1[H],[H]C(=O)N1C([H])([H])C([H])([H])[N+]([H])(C([H])([H])C([H])([H])N([H])C(=O)N([H])[H])C([H])([H])C1([H])[H],[H]C1=C([H])C(C([H])([H])[H])=C([H])C([H])=C1N1N=C(C(C([H])([H])[H])(C([H])([H])[H])C([H])([H])[H])C([H])=C1N([H])[H],46.137,12.04,9.304,21.659,43.003,1.1935656,0.084610105,0.053682804,0.069562204,1.4652979,0.41635254,0.029514616,0.018726218,0.024265444,0.5111412,Cc1ccc(-n2ccc(C(C)(C)C)n2)cc1,NC(=O)NCC[NH+]1CCN(C=O)CC1,Cc1ccc(-n2nc(C(C)(C)C)cc2N)cc1
4f7l_ligand_native_231.mol2,231,P49336,5.067019178,[H]C1=C([H])C(C([H])([H])[H])=C([H])C([H])=C1N1N=C(C(C([H])([H])[H])(C([H])([H])[H])C([H])([H])[H])C([H])=C1N([H])C(=O)N([H])C([H])([H])C([H])([H])C([H])([H])N([H])C(=O)OC(C([H])([H])[H])(C([H])([H])[H])C([H])([H])[H],[H]C(=O)OC(C([H])([H])[H])(C([H])([H])[H])C([H])([H])[H],[H]N([H])C(=O)N([H])C([H])([H])C([H])([H])C([H])([H])N([H])[H],[H]C1=C([H])C(C([H])([H])[H])=C([H])C([H])=C1N1N=C(C(C([H])([H])[H])(C([H])([H])[H])C([H])([H])[H])C([H])=C1[H],49.393,9.914,3.002,33.126,46.042,1.208186,0.040936776,0.03604792,0.09708878,1.5059226,0.41832057,0.0141738895,0.01248118,0.033615876,0.52140844,CC(C)(C)OC=O,NCCCNC(N)=O,Cc1ccc(-n2ccc(C(C)(C)C)n2)cc1
4f7n_ligand_10_234_dock.mol2,234,P49336,2.617982957,[H]OC([H])([H])C([H])([H])C([H])([H])C([H])([H])N([H])C(=O)N([H])C1=C([H])C(C(C([H])([H])[H])(C([H])([H])[H])C([H])([H])[H])=NN1C1=C([H])C([H])=C(C([H])([H])[H])C([H])=C1[H],[H]OC([H])([H])C([H])([H])C([H])([H])C([H])([H])N([H])C(=O)N([H])[H],[H]C1=NN(C2=C([H])C([H])=C(C([H])([H])[H])C([H])=C2[H])C([H])=C1[H],[H]C([H])([H])C([H])(C([H])([H])[H])C([H])([H])[H],35.37,11.055,14.423,8.763,34.241,0.47990626,0.044281974,0.054514356,0.023059627,0.6483105,0.38390267,0.035423517,0.04360895,0.018446628,0.5186182,NC(=O)NCCCCO,Cc1ccc(-n2cccn2)cc1,CC(C)C
4f7n_ligand_native_233.mol2,233,P49336,3.537602002,[H]OC([H])([H])C([H])([H])C([H])([H])C([H])([H])C([H])([H])N([H])C(=O)N([H])C1=C([H])C(C(C([H])([H])[H])(C([H])([H])[H])C([H])([H])[H])=NN1C1=C([H])C([H])=C(C([H])([H])[H])C([H])=C1[H],[H]OC([H])([H])C([H])([H])C([H])([H])C([H])([H])C([H])([H])N([H])C(=O)N([H])[H],[H]C1=NN(C2=C([H])C([H])=C(C([H])([H])[H])C([H])=C2[H])C([H])=C1[H],[H]C([H])([H])C([H])(C([H])([H])[H])C([H])([H])[H],40.822,5.625,24.412,8.311,38.348,0.7733606,0.044389278,0.08464241,0.023985492,0.6902832,0.4783691,0.027457383,0.052356314,0.014836439,0.4269808,NC(=O)NCCCCCO,Cc1ccc(-n2cccn2)cc1,CC(C)C
5j20_ligand_native_507.mol2,507,P07900,3.48148606,[H]OC1=C([H])C(O[H])=C(C2=NN([H])C(=O)N2C2=C([H])C([H])=C([H])C([H])=C2F)C([H])=C1C(=O)N(C([H])([H])[H])C([H])([H])C1=C([H])C([H])=C([H])O1,[H]OC1=C([H])C([H])=C(C([H])=O)C(O[H])=C1[H],[H]C1=NN([H])C(=O)N1C1=C([H])C([H])=C([H])C([H])=C1F,[H]C1=C([H])C([H])=C(C([H])([H])N([H])C([H])([H])[H])O1,33.665,15.481,2.116,25.248,42.845,0.51746523,0.047144182,0.035830438,0.07564041,1.1083173,0.2899944,0.026420224,0.020079853,0.04238989,0.6211157,O=Cc1ccc(O)cc1O,O=c1[nH]ncn1-c1ccccc1F,CNCc1ccco1
5j27_ligand_16_512_dock.mol2,512,P07900,1.853871964,[H]OC1=C([H])C(O[H])=C(C2=NN([H])C(=O)N2C2=C(F)C([H])=C([H])C([H])=C2[H])C([H])=C1S(=O)(=O)N(C([H])([H])[H])C([H])(C([H])([H])[H])C([H])([H])[H],[H]C1=NN([H])C(=O)N1C1=C(F)C([H])=C([H])C([H])=C1[H],[H]N(C([H])([H])[H])C([H])(C([H])([H])[H])C([H])([H])[H],[H]OC1=C([H])C([H])=C(S([H])(=O)=O)C(O[H])=C1[H],30.591,8.922,7.297,11.779,27.998,0.12108511,0.05201762,0.059790835,0.028418534,0.72277844,0.12304264,0.052858572,0.06075745,0.028877966,0.73446333,O=c1[nH]ncn1-c1ccccc1F,CNC(C)C,O=[SH](=O)c1ccc(O)cc1O
5j27_ligand_23_519_dock.mol2,519,P07900,2.017728767,[H]OC1=C([H])C(O[H])=C(C2=NN([H])C(=O)N2C2=C(Cl)C([H])=C([H])C([H])=C2[H])C([H])=C1S(=O)(=O)N(C([H])([H])[H])C([H])(C([H])([H])[H])C([H])([H])[H],[H]C1=NN([H])C(=O)N1C1=C(Cl)C([H])=C([H])C([H])=C1[H],[H]N(C([H])([H])[H])C([H])(C([H])([H])[H])C([H])([H])[H],[H]OC1=C([H])C([H])=C(S([H])(=O)=O)C(O[H])=C1[H],31.522,11.928,8.749,13.455,34.132,0.1005094,0.045232814,0.057137825,0.0404396,0.57552856,0.12274485,0.05523956,0.069778286,0.049385954,0.70285136,O=c1[nH]ncn1-c1ccccc1Cl,CNC(C)C,O=[SH](=O)c1ccc(O)cc1O
5j27_ligand_native_511.mol2,511,P07900,2.193820026,[H]OC1=C([H])C(O[H])=C(C2=NN([H])C(=O)N2C2=C([H])C([H])=C([H])C([H])=C2F)C([H])=C1S(=O)(=O)N(C([H])([H])[H])C([H])([H])C([H])([H])C([H])([H])[H],[H]C1=NN([H])C(=O)N1C1=C([H])C([H])=C([H])C([H])=C1F,[H]N(C([H])([H])[H])C([H])([H])C([H])([H])C([H])([H])[H],[H]OC1=C([H])C([H])=C(S([H])(=O)=O)C(O[H])=C1[H],31.569,21.568,6.006,6.282,33.856,0.11221486,0.053932916,0.05556053,0.04574527,0.47551116,0.15103659,0.07259149,0.074782185,0.06157125,0.64001846,O=c1[nH]ncn1-c1ccccc1F,CCCNC,O=[SH](=O)c1ccc(O)cc1O
5j2x_ligand_native_501.mol2,501,P07900,1.853871964,[H]OC1=C([H])C(O[H])=C(C2=NN([H])C(=O)N2C2=C([H])C([H])=C([H])C([H])=C2F)C([H])=C1Br,[H]OC1=C([H])C([H])=C(Br)C(O[H])=C1[H],[H]C1=C([H])C([H])=C(F)C([H])=C1[H],[H]C1=NN([H])C(=O)N1[H],27.77,15.865,10.871,2.031,28.767,0.4634884,0.0777869,0.08510818,0.03869467,0.3789304,0.4439508,0.07450792,0.08152059,0.037063558,0.36295718,Oc1ccc(Br)c(O)c1,Fc1ccccc1,O=c1[nH]cn[nH]1
5j64_ligand_32_531_dock.mol2,531,P07900,0.920818754,[H]OC1=C([H])C(O[H])=C(C2=NN([H])C(=O)N2C2=C([H])C([H])=C([H])C([H])=C2Cl)C([H])=C1[H],[H]OC1=C([H])C([H])=C([H])C(O[H])=C1[H],[H]C1=NN([H])C(=O)N1[H],[H]C1=C([H])C([H])=C(Cl)C([H])=C1[H],17.142,22.674,2.236,3.377,28.287,1.005024,0.078178026,0.04944696,0.040732045,0.53081906,0.58973354,0.04587374,0.029014762,0.023900976,0.31147698,Oc1cccc(O)c1,O=c1[nH]cn[nH]1,Clc1ccccc1
5j64_ligand_33_532_dock.mol2,532,P07900,1.148741651,[H]OC1=C([H])C(O[H])=C(C2=NN([H])C(=O)N2C2=C([H])C([H])=C([H])C([H])=C2C([H])([H])C([H])([H])[H])C([H])=C1[H],[H]OC1=C([H])C([H])=C([H])C(O[H])=C1[H],[H]C1=NN([H])C(=O)N1[H],[H]C1=C([H])C([H])=C(C([H])([H])C([H])([H])[H])C([H])=C1[H],24.822,7.771,1.175,10.071,19.017,0.75848866,0.0742663,0.04474683,0.023009486,0.6992471,0.474127,0.046423446,0.027970994,0.014383101,0.43709546,Oc1cccc(O)c1,O=c1[nH]cn[nH]1,CCc1ccccc1
5j64_ligand_native_504.mol2,504,P07900,0.677780705,[H]OC1=C([H])C(O[H])=C(C2=NN([H])C(=O)N2C2=C([H])C([H])=C([H])C([H])=C2F)C([H])=C1[H],[H]C1=C([H])C([H])=C(F)C([H])=C1[H],[H]C1=NN([H])C(=O)N1[H],[H]OC1=C([H])C([H])=C([H])C(O[H])=C1[H],23.614,6.218,5.562,19.89,31.67,0.91931427,0.07362668,0.069423705,0.045796607,0.5644251,0.5496363,0.044019658,0.041506797,0.027380712,0.33745646,Fc1ccccc1,O=c1[nH]cn[nH]1,Oc1cccc(O)c1
5j86_ligand_25_521_dock.mol2,521,P07900,2.958607315,[H]OC1=C([H])C(O[H])=C(C2=NN([H])C(=O)N2C2=C([H])C([H])=C([H])C([H])=C2C([H])([H])[H])C([H])=C1C(=O)N(C([H])([H])[H])C([H])([H])C1=C([H])C([H])=C([H])C([H])=C1[H],[H]C1=C([H])C([H])=C(C([H])([H])N([H])C([H])([H])[H])C([H])=C1[H],[H]C1=NN([H])C(=O)N1C1=C([H])C([H])=C([H])C([H])=C1C([H])([H])[H],[H]OC1=C([H])C([H])=C(C([H])=O)C(O[H])=C1[H],28.163,15.326,1.972,22.852,40.15,0.19227673,0.042982418,0.032884,0.096624956,0.9109906,0.15071559,0.033691652,0.025776034,0.075739205,0.7140775,CNCc1ccccc1,Cc1ccccc1-n1cn[nH]c1=O,O=Cc1ccc(O)cc1O
5j86_ligand_27_523_dock.mol2,523,P07900,2.920818754,[H]OC1=C([H])C(O[H])=C(C2=NN([H])C(=O)N2C2=C([H])C([H])=C([H])C([H])=C2C([H])([H])[H])C([H])=C1C(=O)N(C([H])([H])[H])C([H])([H])C1=C([H])C(C([H])([H])[H])=C([H])C([H])=C1[H],[H]C1=C([H])C(C([H])([H])N([H])C([H])([H])[H])=C([H])C(C([H])([H])[H])=C1[H],[H]C1=NN([H])C(=O)N1C1=C([H])C([H])=C([H])C([H])=C1C([H])([H])[H],[H]OC1=C([H])C([H])=C(C([H])=O)C(O[H])=C1[H],32.603,6.853,12.847,19.622,39.322,0.30770716,0.031108342,0.019235143,0.023619842,0.6475012,0.29898524,0.03022658,0.018689927,0.022950342,0.6291478,CNCc1cccc(C)c1,Cc1ccccc1-n1cn[nH]c1=O,O=Cc1ccc(O)cc1O
5j86_ligand_28_524_dock.mol2,524,P07900,2.337242168,[H]OC1=C([H])C(O[H])=C(C2=NN([H])C(=O)N2C2=C([H])C([H])=C([H])C([H])=C2C([H])([H])[H])C([H])=C1C(=O)N(C([H])([H])[H])C([H])([H])C1=C([H])C([H])=C([H])O1,[H]C1=C([H])C([H])=C(C([H])([H])N([H])C([H])([H])[H])O1,[H]C1=NN([H])C(=O)N1C1=C([H])C([H])=C([H])C([H])=C1C([H])([H])[H],[H]OC1=C([H])C([H])=C(C([H])=O)C(O[H])=C1[H],27.222,21.849,5.758,5.383,32.99,0.4158074,0.062250078,0.038312454,0.04680255,0.6333827,0.34750375,0.052024413,0.032018963,0.039114412,0.5293385,CNCc1ccco1,Cc1ccccc1-n1cn[nH]c1=O,O=Cc1ccc(O)cc1O
5j86_ligand_30_529_dock.mol2,529,P07900,3.468521083,[H]OC1=C([H])C(O[H])=C(C2=C([H])C([H])=NN2C2=C([H])C([H])=C([H])C([H])=C2C([H])([H])[H])C([H])=C1C(=O)N(C([H])([H])[H])C([H])([H])C1=C([H])C([H])=C([H])O1,[H]C1=C([H])C([H])=C(C([H])([H])N([H])C([H])([H])[H])O1,[H]C1=NN(C2=C([H])C([H])=C([H])C([H])=C2C([H])([H])[H])C([H])=C1[H],[H]OC1=C([H])C([H])=C(C([H])=O)C(O[H])=C1[H],31.7,0.082,3.371,33.046,36.499,0.34451675,0.05170648,0.059601974,0.09246944,0.74113536,0.2671853,0.04010026,0.046223503,0.071713425,0.5747775,CNCc1ccco1,Cc1ccccc1-n1cccn1,O=Cc1ccc(O)cc1O
5j86_ligand_native_508.mol2,508,P07900,2.747146969,[H]OC1=C([H])C(O[H])=C(C2=NN([H])C(=O)N2C2=C([H])C([H])=C([H])C([H])=C2C([H])([H])[H])C([H])=C1C(=O)N(C([H])([H])[H])C([H])([H])C1=C([H])C([H])=C([H])S1,[H]C1=NN([H])C(=O)N1C1=C([H])C([H])=C([H])C([H])=C1C([H])([H])[H],[H]C1=C([H])C([H])=C(C([H])([H])N([H])C([H])([H])[H])S1,[H]OC1=C([H])C([H])=C(C([H])=O)C(O[H])=C1[H],42.384,2.136,7.592,30.661,40.389,0.64109814,0.069169,0.04919798,0.07451666,0.84636474,0.38152733,0.041163534,0.029278472,0.04434601,0.50368464,Cc1ccccc1-n1cn[nH]c1=O,CNCc1cccs1,O=Cc1ccc(O)cc1O
5j9x_ligand_24_520_dock.mol2,520,P07900,2.327902142,[H]OC1=C([H])C(O[H])=C(C2=NN([H])C(=O)N2C2=C([H])C([H])=C([H])C([H])=C2C([H])([H])[H])C([H])=C1C(=O)N(C([H])([H])[H])C([H])([H])C([H])([H])C([H])([H])[H],[H]OC1=C([H])C([H])=C(C([H])=O)C(O[H])=C1[H],[H]C1=NN([H])C(=O)N1C1=C([H])C([H])=C([H])C([H])=C1C([H])([H])[H],[H]N(C([H])([H])[H])C([H])([H])C([H])([H])C([H])([H])[H],30.355,16.251,4.559,10.798,31.608,0.05704074,0.0445567,0.036294352,0.026746998,0.35377657,0.11002903,0.08594787,0.07001018,0.05159376,0.6824191,O=Cc1ccc(O)cc1O,Cc1ccccc1-n1cn[nH]c1=O,CCCNC
5j9x_ligand_26_522_dock.mol2,522,P07900,2.0,[H]OC1=C([H])C(O[H])=C(C2=C([H])C([H])=NN2C2=C([H])C([H])=C([H])C([H])=C2C([H])([H])[H])C([H])=C1C(=O)N(C([H])([H])[H])C([H])([H])C([H])([H])C([H])([H])C([H])([H])C([H])([H])C([H])([H])[H],[H]N(C([H])([H])[H])C([H])([H])C([H])([H])C([H])([H])C([H])([H])C([H])([H])C([H])([H])[H],[H]C1=NN(C2=C([H])C([H])=C([H])C([H])=C2C([H])([H])[H])C([H])=C1[H],[H]OC1=C([H])C([H])=C(C([H])=O)C(O[H])=C1[H],27.102,7.921,6.076,18.907,32.904,0.49594295,0.06770209,0.062251035,0.03444115,0.5066902,0.42496252,0.058012422,0.053341534,0.02951186,0.43417162,CCCCCCNC,Cc1ccccc1-n1cccn1,O=Cc1ccc(O)cc1O
5j9x_ligand_29_528_dock.mol2,528,P07900,2.522878745,[H]OC1=C([H])C(O[H])=C(C2=NN([H])C(=O)N2C2=C([H])C([H])=C([H])C([H])=C2[H])C([H])=C1C(=O)N(C([H])([H])[H])C([H])([H])C([H])([H])C([H])([H])C([H])([H])[H],[H]C1=NN([H])C(=O)N1C1=C([H])C([H])=C([H])C([H])=C1[H],[H]N(C([H])([H])[H])C([H])([H])C([H])([H])C([H])([H])C([H])([H])[H],[H]OC1=C([H])C([H])=C(C([H])=O)C(O[H])=C1[H],30.811,3.222,15.092,11.845,30.159,0.13497934,0.070229284,0.050100673,0.0295569,0.33138984,0.21903126,0.113961205,0.08129847,0.047962043,0.537747,O=c1[nH]ncn1-c1ccccc1,CCCCNC,O=Cc1ccc(O)cc1O
5j9x_ligand_34_533_dock.mol2,533,P07900,2.37675071,[H]OC1=C([H])C(O[H])=C(C2=NN([H])C(=O)N2C2=C([H])C([H])=C([H])C([H])=C2F)C([H])=C1C(=O)N(C([H])([H])[H])C([H])([H])C([H])([H])C([H])([H])[H],[H]C1=NN([H])C(=O)N1C1=C([H])C([H])=C([H])C([H])=C1F,[H]N(C([H])([H])[H])C([H])([H])C([H])([H])C([H])([H])[H],[H]OC1=C([H])C([H])=C(C([H])=O)C(O[H])=C1[H],26.764,5.475,3.456,29.431,38.362,0.42543733,0.03729109,0.055804994,0.08858478,0.79388154,0.30366695,0.026617486,0.039832264,0.06322969,0.56665355,O=c1[nH]ncn1-c1ccccc1F,CCCNC,O=Cc1ccc(O)cc1O
5j9x_ligand_native_509.mol2,509,P07900,2.769551079,[H]OC1=C([H])C(O[H])=C(C2=NN([H])C(=O)N2C2=C([H])C([H])=C([H])C([H])=C2F)C([H])=C1C(=O)N(C([H])([H])[H])C([H])([H])C([H])([H])C([H])([H])C([H])([H])[H],[H]C1=NN([H])C(=O)N1C1=C([H])C([H])=C([H])C([H])=C1F,[H]N(C([H])([H])[H])C([H])([H])C([H])([H])C([H])([H])C([H])([H])[H],[H]OC1=C([H])C([H])=C(C([H])=O)C(O[H])=C1[H],38.212,2.544,17.133,19.466,39.143,0.49134764,0.069604844,0.05641196,0.02063183,0.57082295,0.40646908,0.05758085,0.04666699,0.017067753,0.4722153,O=c1[nH]ncn1-c1ccccc1F,CCCCNC,O=Cc1ccc(O)cc1O
5lnz_ligand_native_536.mol2,536,P07900,2.696803943,[H]OC1=C(C(=O)N(C2=C([H])C([H])=C(N3C([H])([H])C([H])([H])OC([H])([H])C3([H])[H])C([H])=C2[H])C([H])([H])[H])/C([H])=C2/C(C(=O)N(C([H])([H])[H])C([H])([H])C([H])([H])C([H])([H])C([H])([H])[H])=NN([H])/C2=C\1[H],[H]C1=C([H])C(N2C([H])([H])C([H])([H])OC([H])([H])C2([H])[H])=C([H])C([H])=C1N([H])C([H])([H])[H],[H]OC1=C(C([H])=O)/C([H])=C2/C([H])=NN([H])/C2=C\1[H],[H]C(=O)N(C([H])([H])[H])C([H])([H])C([H])([H])C([H])([H])C([H])([H])[H],35.335,18.355,11.149,7.447,36.951,0.46517694,0.052025214,0.026516587,0.023995358,0.50575894,0.43333828,0.04846439,0.024701681,0.022353016,0.47114268,CNc1ccc(N2CCOCC2)cc1,O=Cc1cc2cn[nH]c2cc1O,CCCCN(C)C=O
5lo6_ligand_native_535.mol2,535,P07900,2.8569852,[H]OC1=C(C(=O)N(C2=C([H])C([H])=C([C@]3([H])C([H])([H])C([H])([H])[N@@+]([H])(C([H])([H])[H])C([H])([H])C3([H])[H])C([H])=C2[H])C([H])([H])[H])/C([H])=C2/C(C([H])([H])C([H])([H])C(C([H])([H])[H])(C([H])([H])[H])C([H])([H])[H])=NN([H])/C2=C\1[H],[H]C1=C([H])C([H])=C([C@]2([H])C([H])([H])C([H])([H])[N@@+]([H])(C([H])([H])[H])C([H])([H])C2([H])[H])C([H])=C1[H],[H]OC1=C(C(=O)N([H])C([H])([H])[H])/C([H])=C2/C([H])=NN([H])/C2=C\1[H],[H]C([H])([H])C([H])([H])C(C([H])([H])[H])(C([H])([H])[H])C([H])([H])[H],35.593,25.745,5.675,7.554,38.974,0.48879147,0.044678647,0.045192093,0.034057915,0.5730532,0.41221327,0.037678912,0.038111918,0.028722115,0.48327383,C[N@H+]1CC[C@H](c2ccccc2)CC1,CNC(=O)c1cc2cn[nH]c2cc1O,CCC(C)(C)C
5lq9_ligand_native_516.mol2,516,P07900,3.866461092,[H]O[C@]1([H])C([H])([H])C([H])([H])[C@@]([H])(N([H])C2=C(C(=O)N([H])[H])C([H])=C([H])C(N3N=C(C([H])([H])[H])C4=C(C5=C(\[H])C6=C([H])C([H])=C([H])C([H])=C6/N=C\5[H])C([H])=C([H])C([H])=C43)=C2[H])C([H])([H])C1([H])[H],[H]C1=C([H])C([H])=C2C(=C1[H])/N=C([H])\C([H])=C/2[H],[H]C1=C([H])C([H])=C2C(=C1[H])C(C([H])([H])[H])=NN2C1=C([H])C([H])=C(C(=O)N([H])[H])C([H])=C1[H],[H]O[C@]1([H])C([H])([H])C([H])([H])[C@@]([H])(N([H])[H])C([H])([H])C1([H])[H],35.503427,8.764,20.629,12.601,41.994,0.58185405,0.09334885,0.12088157,0.0258553,1.0556959,0.30988654,0.049716167,0.06437967,0.013770136,0.56224746,c1ccc2ncccc2c1,Cc1nn(-c2ccc(C(N)=O)cc2)c2ccccc12,N[C@H]1CC[C@H](O)CC1
5lr7_ligand_native_514.mol2,514,P07900,3.723538196,[H]C1=C([H])C([H])=C2C(=C1[H])C1=C(/C3=N/C4=C([H])C(F)=C([H])C([H])=C4N3[H])C([H])=C([H])C([H])=C1[C@]2([H])N([H])C(=O)/C1=C([H])/C([H])=N\C2=C1C([H])=C([H])N2[H],[H]C(=O)/C1=C([H])/C([H])=N\C2=C1C([H])=C([H])N2[H],[H]C1=C(F)C([H])=C2/N=C(/[H])N([H])C2=C1[H],[H]C1=C([H])C([H])=C2C(=C1[H])C1=C([H])C([H])=C([H])C([H])=C1C2([H])N([H])[H],43.993,17.264,17.812,8.057,43.133,0.8049284,0.035113033,0.06904463,0.03259309,1.080335,0.3980825,0.017365374,0.03414646,0.01611912,0.53428656,O=Cc1ccnc2[nH]ccc12,Fc1ccc2[nH]cnc2c1,NC1c2ccccc2-c2ccccc21
5lrz_ligand_native_513.mol2,513,P07900,3.555955204,[H]C1=NC2=C(C(=O)N([H])[C@]3([H])C4=C([H])C([H])=C([H])C([H])=C4C4=C(C5=C(\[H])C6=C([H])C([H])=C([H])C([H])=C6/N=C\5[H])C([H])=C([H])C([H])=C43)C(Br)=C([H])N=C2N1[H],[H]C1=NC2=C([H])C(Br)=C([H])N=C2N1[H],[H]C1=C([H])C([H])=C2C(=C1[H])/N=C([H])\C([H])=C/2[H],[H]C(=O)N([H])C1([H])C2=C([H])C([H])=C([H])C([H])=C2C2=C([H])C([H])=C([H])C([H])=C21,38.315,10.518,2.877,28.335,41.73,0.6992902,0.040259033,0.08148348,0.07620717,1.0161884,0.36546454,0.021040263,0.04258507,0.039827555,0.5310826,Brc1cnc2[nH]cnc2c1,c1ccc2ncccc2c1,O=CNC1c2ccccc2-c2ccccc21
5ls1_ligand_native_517.mol2,517,P07900,3.314258261,[H]C1=C([H])C(N2C3=C(C(=O)C([H])([H])C(C([H])([H])[H])(C([H])([H])[H])C3([H])[H])/C(C([H])([H])[H])=C\2[H])=C([H])C(N([H])C2([H])C([H])([H])C([H])([H])C(=O)C([H])([H])C2([H])[H])=C1C(=O)N([H])[H],[H]C1=C([H])C([H])=C(C(=O)N([H])[H])C([H])=C1[H],[H]/C1=C(\C([H])([H])[H])C2=C(N1[H])C([H])([H])C(C([H])([H])[H])(C([H])([H])[H])C([H])([H])C2=O,[H]N([H])C1([H])C([H])([H])C([H])([H])C(=O)C([H])([H])C1([H])[H],36.917,8.427,30.354,1.752,40.533,0.5413352,0.057614215,0.06882726,0.031229759,0.7530881,0.37279612,0.03967663,0.047398604,0.021506697,0.518622,NC(=O)c1ccccc1,Cc1c[nH]c2c1C(=O)CC(C)(C)C2,NC1CCC(=O)CC1
5mty_ligand_native_26.mol2,26,Q16539,3.123205024,[H]OC([H])([H])C([H])([H])N([H])C(=O)C1=C([H])C([H])=C2C(=C1[H])C(=O)C1=C(C(/[H])=C(N([H])C3=C(F)C([H])=C(F)C(N([H])C(=O)C4=C([H])C([H])=C([H])S4)=C3[H])/C([H])=C/1[H])\C([H])([H])C2([H])[H],[H]C1=C([H])C([H])=C(C(=O)N([H])[H])S1,[H]OC([H])([H])C([H])([H])N([H])C(=O)C1=C([H])/C([H])=C2C(=C/1[H])/C(=O)C1=C(C([H])=C([H])C([H])=C1[H])C([H])([H])C/2([H])[H],[H]C1=C([H])C(N([H])[H])=C(F)C([H])=C1F,33.334,3.796,8.342,16.615,28.753,0.4669119,0.0497753,0.115550935,0.017682139,0.38690686,0.45032766,0.048007328,0.11144668,0.017054087,0.3731643,NC(=O)c1cccs1,O=C(NCCO)c1ccc2c(c1)C(=O)c1ccccc1CC2,Nc1ccc(F)cc1F
5nyh_ligand_56_555_dock.mol2,555,P07900,1.879426069,[H]OC1=C([H])C2=NN([H])C(C(=O)N3C([H])([H])C([H])([H])OC([H])([H])C3([H])[H])=C2C([H])=C1C(=O)N(C1=C([H])C([H])=C(N2C([H])([H])C([H])([H])OC([H])([H])C2([H])[H])C([H])=C1[H])C([H])([H])[H],[H]C1=C([H])C([H])=C(N2C([H])([H])C([H])([H])OC([H])([H])C2([H])[H])C([H])=C1[H],[H]OC1=C([H])C2=NN([H])C([H])=C2C([H])=C1C(=O)N([H])C([H])([H])[H],[H]C(=O)N1C([H])([H])C([H])([H])OC([H])([H])C1([H])[H],32.344,8.432,7.212,13.985,29.629,0.24046297,0.048358303,0.05064992,0.035734665,0.5219828,0.2680183,0.053899813,0.056454033,0.0398296,0.58179826,c1ccc(N2CCOCC2)cc1,CNC(=O)c1cc2c[nH]nc2cc1O,O=CN1CCOCC1
5nyh_ligand_57_556_dock.mol2,556,P07900,3.040958608,[H]OC1=C(C(=O)N(C2=C([H])C([H])=C(N3C([H])([H])C([H])([H])OC([H])([H])C3([H])[H])C([H])=C2[H])C([H])([H])[H])C([H])=C2C(C(=O)N3C([H])([H])C([H])([H])C([H])([H])C([H])([H])C3([H])[H])=NN([H])C2=C1[H],[H]C1=C([H])C([H])=C(N2C([H])([H])C([H])([H])OC([H])([H])C2([H])[H])C([H])=C1[H],[H]OC1=C(C(=O)N([H])C([H])([H])[H])C([H])=C2C(C([H])=O)=NN([H])C2=C1[H],[H]N1C([H])([H])C([H])([H])C([H])([H])C([H])([H])C1([H])[H],39.289,9.025,10.81,19.73,39.565,0.69445,0.04968294,0.05253878,0.031835005,0.6190599,0.47973615,0.034321696,0.03629455,0.021992082,0.42765555,c1ccc(N2CCOCC2)cc1,CNC(=O)c1cc2c(C=O)n[nH]c2cc1O,C1CCNCC1
5nyh_ligand_native_550.mol2,550,P07900,2.614393726,[H]OC1=C(C(=O)N(C2=C([H])C([H])=C(N3C([H])([H])C([H])([H])OC([H])([H])C3([H])[H])C([H])=C2[H])C([H])([H])[H])/C([H])=C2/C(C(=O)N3C([H])([H])C([H])([H])C([H])([H])C3([H])[H])=NN([H])/C2=C\1[H],[H]C1=C([H])C(N2C([H])([H])C([H])([H])OC([H])([H])C2([H])[H])=C([H])C([H])=C1N([H])C([H])([H])[H],[H]C(=O)N1C([H])([H])C([H])([H])C([H])([H])C1([H])[H],[H]OC1=C(C([H])=O)/C([H])=C2/C([H])=NN([H])/C2=C\1[H],33.443,17.809,5.984,8.2,31.993,0.42873022,0.058976837,0.06202722,0.027623266,0.36693105,0.45402455,0.062456366,0.06568672,0.029252991,0.38857934,CNc1ccc(N2CCOCC2)cc1,O=CN1CCCC1,O=Cc1cc2cn[nH]c2cc1O
5nyi_ligand_native_500.mol2,500,P07900,4.0,[H]OC1=C([H])C(O[H])=C(C2=C(C3=C([H])C([H])=C(C([H])([H])N4C([H])([H])C([H])([H])OC([H])([H])C4([H])[H])C([H])=C3[H])C(C(=O)N([H])C([H])([H])C([H])([H])[H])=NO2)C([H])=C1Cl,[H]C1=C([H])C([H])=C(C([H])([H])N2C([H])([H])C([H])([H])OC([H])([H])C2([H])[H])C([H])=C1[H],[H]OC1=C([H])C([H])=C(Cl)C(O[H])=C1[H],[H]C1=C([H])C(C(=O)N([H])C([H])([H])C([H])([H])[H])=NO1,35.669,27.362,6.155,7.87,41.387,0.6108874,0.037524182,0.064900585,0.023155933,1.0689219,0.33836865,0.020784529,0.035948236,0.012826,0.5920726,c1ccc(CN2CCOCC2)cc1,Oc1ccc(Cl)c(O)c1,CCNC(=O)c1ccon1
5oci_ligand_42_541_dock.mol2,541,P07900,2.298432015,[H]OC1=C(C(=O)N(C2=C([H])C([H])=C(C([H])([H])[H])C([H])=C2[H])C([H])([H])[H])C([H])=C2C(C([H])([H])C3=C([H])C([H])=C([H])C(C([H])([H])[H])=C3[H])=NN([H])C2=C1[H],[H]C1=C([H])C(C([H])([H])[H])=C([H])C(C([H])([H])[H])=C1[H],[H]OC1=C([H])C([H])=C2C([H])=NN([H])C2=C1[H],[H]C(=O)N(C1=C([H])C([H])=C(C([H])([H])[H])C([H])=C1[H])C([H])([H])[H],19.886155,5.822055,15.905019,6.802104,28.529178,0.73090476,0.10725236,0.08670217,0.048414394,0.6458334,0.45142463,0.066241674,0.053549375,0.02990191,0.39888245,Cc1cccc(C)c1,Oc1ccc2cn[nH]c2c1,Cc1ccc(N(C)C=O)cc1
5oci_ligand_45_544_dock.mol2,544,P07900,3.129596095,[H]OC1=C(C(=O)N(C2=C([H])C([H])=C(N3C([H])([H])C([H])([H])C([H])([H])C([H])([H])C3([H])[H])C([H])=C2[H])C([H])([H])[H])C([H])=C2C(C([H])([H])C3=C([H])C([H])=C([H])C(C([H])([H])[H])=C3[H])=NN([H])C2=C1[H],[H]C1=C([H])C(N2C([H])([H])C([H])([H])C([H])([H])C([H])([H])C2([H])[H])=C([H])C([H])=C1N([H])C([H])([H])[H],[H]OC1=C(C([H])=O)C([H])=C2C([H])=NN([H])C2=C1[H],[H]C1=C([H])C(C([H])([H])[H])=C([H])C(C([H])([H])[H])=C1[H],42.61,8.668,15.248,7.443,31.359,0.68017423,0.09364461,0.044984084,0.035527676,0.47144863,0.51303726,0.070633635,0.033930294,0.02679758,0.35560113,CNc1ccc(N2CCCCC2)cc1,O=Cc1cc2cn[nH]c2cc1O,Cc1cccc(C)c1
5oci_ligand_48_547_dock.mol2,547,P07900,3.123782159,[H]OC1=C(C(=O)N(C2=C([H])C([H])=C(N3C([H])([H])C([H])([H])[N+]([H])(C([H])([H])[H])C([H])([H])C3([H])[H])C([H])=C2[H])C([H])([H])[H])C([H])=C2C(C([H])([H])C3=C([H])C([H])=C([H])C(C([H])([H])[H])=C3[H])=NN([H])C2=C1[H],[H]C1=C([H])C([H])=C(N2C([H])([H])C([H])([H])[N+]([H])(C([H])([H])[H])C([H])([H])C2([H])[H])C([H])=C1[H],[H]OC1=C(C(=O)N([H])C([H])([H])[H])C([H])=C2C([H])=NN([H])C2=C1[H],[H]C1=C([H])C(C([H])([H])[H])=C([H])C(C([H])([H])[H])=C1[H],37.201,0.194,20.024,8.862,29.08,0.5068014,0.071041144,0.070131876,0.03919527,0.48190346,0.433507,0.060767062,0.059989292,0.033526786,0.4122098,C[NH+]1CCN(c2ccccc2)CC1,CNC(=O)c1cc2cn[nH]c2cc1O,Cc1cccc(C)c1
5oci_ligand_52_551_dock.mol2,551,P07900,2.863279433,[H]OC1=C(C(=O)N(C2=C([H])C([H])=C(N3C(=O)C([H])([H])OC([H])([H])C3([H])[H])C([H])=C2[H])C([H])([H])[H])C([H])=C2C(C([H])([H])C3=C([H])C([H])=C([H])C(C([H])([H])[H])=C3[H])=NN([H])C2=C1[H],[H]C1=C([H])C(C([H])([H])[H])=C([H])C(C([H])([H])[H])=C1[H],[H]OC1=C(C(=O)N(C2=C([H])C([H])=C([H])C([H])=C2[H])C([H])([H])[H])C([H])=C2C([H])=NN([H])C2=C1[H],[H]N1C(=O)C([H])([H])OC([H])([H])C1([H])[H],37.782,4.474,24.576,7.815,36.865,0.4903598,0.1020207,0.0957971,0.033968575,0.56538033,0.38085413,0.079237744,0.07440398,0.026382815,0.43912128,Cc1cccc(C)c1,CN(C(=O)c1cc2cn[nH]c2cc1O)c1ccccc1,O=C1COCCN1
5oci_ligand_53_552_dock.mol2,552,P07900,1.49757288,[H]OC1=C(C(=O)N(C2=C([H])C([H])=C(F)C([H])=C2[H])C([H])([H])[H])C([H])=C2C(C([H])([H])C3=C([H])C([H])=C([H])C(C([H])([H])[H])=C3[H])=NN([H])C2=C1[H],[H]C1=C([H])C(C([H])([H])[H])=C([H])C(C([H])([H])[H])=C1[H],[H]OC1=C([H])C([H])=C2C([H])=NN([H])C2=C1[H],[H]C(=O)N(C1=C([H])C([H])=C(F)C([H])=C1[H])C([H])([H])[H],26.282,7.064,8.035,7.997,23.096,0.5341218,0.14689085,0.04048145,0.021878395,0.9050125,0.32402733,0.08911198,0.024558248,0.013272624,0.54902977,Cc1cccc(C)c1,Oc1ccc2cn[nH]c2c1,CN(C=O)c1ccc(F)cc1
5oci_ligand_54_553_dock.mol2,553,P07900,1.793174124,[H]OC1=C(C(=O)N(C2=C([H])C([H])=C([H])C(OC([H])([H])[H])=C2[H])C([H])([H])[H])C([H])=C2C(C([H])([H])C3=C([H])C([H])=C([H])C(C([H])([H])[H])=C3[H])=NN([H])C2=C1[H],[H]C1=C([H])C(C([H])([H])[H])=C([H])C(C([H])([H])[H])=C1[H],[H]OC1=C([H])C([H])=C2C([H])=NN([H])C2=C1[H],[H]C(=O)N(C1=C([H])C([H])=C([H])C(OC([H])([H])[H])=C1[H])C([H])([H])[H],27.416,5.267,10.389,17.251,32.907,0.5162151,0.09664668,0.03549078,0.03809273,0.506157,0.43284768,0.08103849,0.029759113,0.03194085,0.42441395,Cc1cccc(C)c1,Oc1ccc2cn[nH]c2c1,COc1cccc(N(C)C=O)c1
5oci_ligand_55_554_dock.mol2,554,P07900,2.113509275,[H]OC1=C(C(=O)N(C2=C([H])C([H])=C([H])C(C([H])([H])[H])=C2[H])C([H])([H])[H])C([H])=C2C(C([H])([H])C3=C([H])C([H])=C([H])C(C([H])([H])[H])=C3[H])=NN([H])C2=C1[H],[H]C1=C([H])C(C([H])([H])[H])=C([H])C(N([H])C([H])([H])[H])=C1[H],[H]OC1=C(C([H])=O)C([H])=C2C([H])=NN([H])C2=C1[H],[H]C1=C([H])C(C([H])([H])[H])=C([H])C(C([H])([H])[H])=C1[H],33.05,6.588,14.971,5.055,26.614,0.30481184,0.05735068,0.019174885,0.044316143,0.7793494,0.25295526,0.04759381,0.015912728,0.036776792,0.6467614,CNc1cccc(C)c1,O=Cc1cc2cn[nH]c2cc1O,Cc1cccc(C)c1
5oci_ligand_native_542.mol2,542,P07900,3.168130226,[H]OC1=C(C(=O)N(C2=C([H])C([H])=C(N3C([H])([H])C([H])([H])OC([H])([H])C3([H])[H])C([H])=C2[H])C([H])([H])[H])/C([H])=C2/C(C([H])([H])C3=C([H])C([H])=C([H])C(C([H])([H])[H])=C3[H])=NN([H])/C2=C\1[H],[H]C1=C([H])C(N2C([H])([H])C([H])([H])OC([H])([H])C2([H])[H])=C([H])C([H])=C1N([H])C([H])([H])[H],[H]OC1=C(C([H])=O)/C([H])=C2/C([H])=NN([H])/C2=C\1[H],[H]C1=C([H])C(C([H])([H])[H])=C([H])C(C([H])([H])[H])=C1[H],33.923,10.013,15.694,7.4,33.107,0.45375383,0.062338974,0.05135811,0.04355646,0.5054788,0.40641245,0.05583498,0.045999777,0.039012093,0.4527408,CNc1ccc(N2CCOCC2)cc1,O=Cc1cc2cn[nH]c2cc1O,Cc1cccc(C)c1
5od7_ligand_native_559.mol2,559,P07900,3.623423043,[H]C1=C([H])C([H])=C(S(=O)(=O)N2C([H])([H])C([H])([H])[N+]([H])(C([H])([H])[H])C([H])([H])C2([H])[H])C(C2=C([H])/C([H])=C3\N=C(N([H])[H])N=C(C(=O)N4C([H])([H])C5=C([H])C([H])=C([H])C([H])=C5C4([H])[H])\C3=C\2[H])=C1[H],[H]N1C([H])([H])C([H])([H])[N+]([H])(C([H])([H])[H])C([H])([H])C1([H])[H],[H]C(=O)C1=NC(N([H])[H])=N/C2=C([H])\C([H])=C(C3=C([H])C([H])=C([H])C([H])=C3S([H])(=O)=O)/C([H])=C\12,[H]C1=C([H])C([H])=C2C(=C1[H])C([H])([H])N([H])C2([H])[H],39.706,3.739,6.399,29.974,40.112,0.76255906,0.04623004,0.059287384,0.08208976,0.8351771,0.4271218,0.0258942,0.033207834,0.045979816,0.46779636,C[NH+]1CCNCC1,Nc1nc(C=O)c2cc(-c3ccccc3[SH](=O)=O)ccc2n1,c1ccc2c(c1)CNC2
5odx_ligand_49_548_dock.mol2,548,P07900,2.860120914,[H]OC1=C(C(=O)N(C2=C([H])C([H])=C(N3C([H])([H])C([H])([H])OC([H])([H])C3([H])[H])C([H])=C2[H])C([H])([H])[H])C([H])=C2C(C(=O)N3C([H])([H])C([H])([H])[C@@]([H])(OC([H])([H])[H])C3([H])[H])=NN([H])C2=C1[H],[H]C(=O)N1C([H])([H])C([H])([H])[C@@]([H])(OC([H])([H])[H])C1([H])[H],[H]OC1=C(C([H])=O)C([H])=C2C([H])=NN([H])C2=C1[H],[H]C1=C([H])C(N2C([H])([H])C([H])([H])OC([H])([H])C2([H])[H])=C([H])C([H])=C1N([H])C([H])([H])[H],35.846,8.557,13.105,21.177,42.839,0.49775806,0.03993119,0.025616396,0.026124332,0.95451224,0.32239422,0.025863137,0.01659155,0.016920537,0.6182305,CO[C@@H]1CCN(C=O)C1,O=Cc1cc2cn[nH]c2cc1O,CNc1ccc(N2CCOCC2)cc1
5odx_ligand_native_549.mol2,549,P07900,3.53165267,[H]OC1=C(C(=O)N(C2=C([H])C([H])=C(N3C([H])([H])C([H])([H])OC([H])([H])C3([H])[H])C([H])=C2[H])C([H])([H])[H])/C([H])=C2/C(C(=O)N3C([H])([H])C([H])([H])C([H])([H])[C@]([H])(OC([H])([H])[H])C3([H])[H])=NN([H])/C2=C\1[H],[H]N1C([H])([H])C([H])([H])C([H])([H])[C@]([H])(OC([H])([H])[H])C1([H])[H],[H]OC1=C(C(=O)N([H])C([H])([H])[H])/C([H])=C2/C(C([H])=O)=NN([H])/C2=C\1[H],[H]C1=C([H])C([H])=C(N2C([H])([H])C([H])([H])OC([H])([H])C2([H])[H])C([H])=C1[H],35.157,6.37,15.672,19.327,41.369,0.5171244,0.048823208,0.08152352,0.043370463,0.9718323,0.31101975,0.029364271,0.049031574,0.026084768,0.5844996,CO[C@H]1CCCNC1,CNC(=O)c1cc2c(C=O)n[nH]c2cc1O,c1ccc(N2CCOCC2)cc1
5t21_ligand_native_518.mol2,518,P07900,3.116338565,[H]O[C@]1([H])C([H])([H])C([H])([H])[C@@]([H])(N([H])C2=C(C(=O)N([H])[H])C([H])=C([H])C(N3C4=C(C(=O)C([H])([H])C(C([H])([H])[H])(C([H])([H])[H])C4([H])[H])/C(C([H])([H])[H])=C\3[H])=C2[H])C([H])([H])C1([H])[H],[H]O[C@]1([H])C([H])([H])C([H])([H])[C@@]([H])(N([H])[H])C([H])([H])C1([H])[H],[H]C1=C([H])C([H])=C(C(=O)N([H])[H])C([H])=C1[H],[H]/C1=C(\C([H])([H])[H])C2=C(N1[H])C([H])([H])C(C([H])([H])[H])(C([H])([H])[H])C([H])([H])C2=O,41.216,22.375,9.138,6.037,37.55,0.69324726,0.051915452,0.046208493,0.028122779,0.5806245,0.49513468,0.037079323,0.03300327,0.020085998,0.41469666,N[C@H]1CC[C@H](O)CC1,NC(=O)c1ccccc1,Cc1c[nH]c2c1C(=O)CC(C)(C)C2
5w18_ligand_8_654_dock.mol2,654,Q2G036,-1.44870632,[H]C1=C([H])C([H])=C(C([H])([H])[C@@]([H])(C(=O)N([H])[C@]2([H])C(=O)N3C([H])([H])C([H])([H])C([H])([H])[C@@]3([H])C(=O)N3C([H])([H])C([H])([H])C([H])([H])C([H])([H])[C@@]3([H])C(=O)N([H])[C@@]([H])(C([H])([H])[H])C(=O)N3C([H])([H])[C@]([H])(C([H])([H])[H])C([H])([H])[C@@]3([H])C(=O)OC2([H])[H])N([H])C(=O)C([H])([H])C2=C([H])C([H])=C(C([H])([H])[H])C([H])=C2[H])C([H])=C1[H],[H]C(=O)C([H])([H])C1=C([H])C([H])=C(C([H])([H])[H])C([H])=C1[H],[H]C1=C([H])C([H])=C(C([H])([H])[C@@]([H])(C(=O)N([H])[H])N([H])[H])C([H])=C1[H],[H]N1C(=O)[C@@]2([H])N(C(=O)[C@@]3([H])N(C(=O)C([H])([H])C([H])([H])OC(=O)[C@@]4([H])N(C(=O)[C@]1([H])C([H])([H])[H])C([H])([H])[C@]([H])(C([H])([H])[H])C4([H])[H])C([H])([H])C([H])([H])C3([H])[H])C([H])([H])C([H])([H])C([H])([H])C2([H])[H],13.611,2.214,2.967,5.586,10.767,1.6233428,0.11309068,0.050611332,0.09215033,1.7240535,0.450522,0.031385757,0.014046028,0.025574235,0.478472,Cc1ccc(CC=O)cc1,NC(=O)[C@@H](N)Cc1ccccc1,C[C@@H]1C[C@H]2C(=O)OCCC(=O)N3CCC[C@H]3C(=O)N3CCCC[C@H]3C(=O)N[C@@H](C)C(=O)N2C1
5w18_ligand_9_653_dock.mol2,653,Q2G036,1.974694135,[H]C1=C([H])C([H])=C(C([H])([H])[C@@]([H])(C(=O)N([H])[C@]2([H])C(=O)N3C([H])([H])C([H])([H])C([H])([H])[C@@]3([H])C(=O)N3C([H])([H])C([H])([H])C([H])([H])C([H])([H])[C@@]3([H])C(=O)N([H])[C@@]([H])(C([H])([H])[H])C(=O)N3C([H])([H])[C@]([H])(C([H])([H])[H])C([H])([H])[C@@]3([H])C(=O)OC2([H])[H])N([H])C(=O)N([H])C2=C([H])C([H])=C(C([H])([H])[H])C([H])=C2[H])C([H])=C1[H],[H]C(=O)N([H])C1=C([H])C([H])=C(C([H])([H])[H])C([H])=C1[H],[H]C(=O)[C@@]([H])(N([H])[H])C([H])([H])C1=C([H])C([H])=C([H])C([H])=C1[H],[H]N1C(=O)[C@@]2([H])N(C(=O)[C@@]3([H])N(C(=O)[C@@]([H])(N([H])[H])C([H])([H])OC(=O)[C@@]4([H])N(C(=O)[C@]1([H])C([H])([H])[H])C([H])([H])[C@]([H])(C([H])([H])[H])C4([H])[H])C([H])([H])C([H])([H])C3([H])[H])C([H])([H])C([H])([H])C([H])([H])C2([H])[H],32.625,1.373,8.569,10.199,20.141,0.36082524,0.07401977,0.04561813,0.072265126,0.94973445,0.24015586,0.049265627,0.03036224,0.04809778,0.63211846,Cc1ccc(NC=O)cc1,N[C@H](C=O)Cc1ccccc1,C[C@@H]1C[C@H]2C(=O)OC[C@H](N)C(=O)N3CCC[C@H]3C(=O)N3CCCC[C@H]3C(=O)N[C@@H](C)C(=O)N2C1
6ei5_ligand_58_557_dock.mol2,557,P07900,0.256490235,[H]OC1=C([H])C([H])=C2C(=C1[H])C([H])([H])N(C(=O)/C1=N/C(N([H])[H])=N\C3=C([H])C([H])=C([H])C([H])=C31)C2([H])[H],[H]OC1=C([H])C([H])=C([H])C([H])=C1[H],[H]C(=O)N(C([H])([H])[H])C([H])([H])[H],[H]C1=C([H])C([H])=C2C(=C1[H])/N=C(N([H])[H])\N=C/2[H],20.039,5.479,5.581,3.203,14.263,0.9921665,0.06352109,0.071782,0.034310304,1.0847878,0.4416366,0.028274726,0.031951852,0.015272321,0.48286453,Oc1ccccc1,CN(C)C=O,Nc1ncc2ccccc2n1
6ei5_ligand_59_558_dock.mol2,558,P07900,0.241845378,[H]OC1=C([H])C([H])=C2/N=C(N([H])[H])\N=C(\C(=O)N3C([H])([H])C4=C([H])C([H])=C([H])C([H])=C4C3([H])[H])C2=C1[H],[H]C1=C([H])C([H])=C([H])C([H])=C1[H],[H]C(=O)N(C([H])([H])[H])C([H])([H])[H],[H]OC1=C([H])C([H])=C2/N=C(N([H])[H])\N=C(\[H])C2=C1[H],19.142,3.842,5.213,13.966,23.021,1.033402,0.081364885,0.071173616,0.030168524,0.84938323,0.5003176,0.039392494,0.03445843,0.014605974,0.4112256,c1ccccc1,CN(C)C=O,Nc1ncc2cc(O)ccc2n1
6ei5_ligand_61_560_dock.mol2,560,P07900,0.554395797,[H]C1=C([H])C([H])=C2C(=C1[H])C([H])([H])N(C(=O)/C1=N/C(N([H])[H])=N\C3=C([H])C([H])=C(C([H])([H])[H])C([H])=C31)C2([H])[H],[H]C1=C([H])C([H])=C([H])C([H])=C1[H],[H]C(=O)N(C([H])([H])[H])C([H])([H])[H],[H]C1=C2/N=C(N([H])[H])\N=C(\[H])C2=C([H])C(C([H])([H])[H])=C1[H],25.837,3.126,7.974,13.646,24.746,0.7894745,0.11880514,0.06609674,0.022828665,0.80931795,0.43701327,0.06576453,0.03658782,0.0126367975,0.4479976,c1ccccc1,CN(C)C=O,Cc1ccc2nc(N)ncc2c1
6elo_ligand_native_503.mol2,503,P07900,1.197910742,[H]OC1=C([H])C(O[H])=C(C2=NN([H])C(C([H])([H])[H])=C2C2=C([H])C([H])=C([H])C([H])=C2F)C([H])=C1C([H])([H])C([H])([H])[H],[H]C1=C([H])C([H])=C(F)C([H])=C1[H],[H]OC1=C([H])C([H])=C(C([H])([H])C([H])([H])[H])C(O[H])=C1[H],[H]C1=NN([H])C(C([H])([H])[H])=C1[H],25.747,-0.092,24.851,2.697,27.456,0.774454,0.09563163,0.075492404,0.038063884,0.7473721,0.44739902,0.055246018,0.043611664,0.021989357,0.43175393,Fc1ccccc1,CCc1ccc(O)cc1O,Cc1ccn[nH]1
6ey8_ligand_9_505_dock.mol2,505,P07900,0.083546051,[H]OC1=C(C2=C([H])C([H])=NN2C2([H])C([H])([H])C([H])([H])C([H])([H])C([H])([H])C2([H])[H])C([H])=C2C(C([H])([H])[H])=NN([H])C2=C1[H],[H]OC1=C([H])C([H])=C2C(C([H])([H])[H])=NN([H])C2=C1[H],[H]C1=NN([H])C([H])=C1[H],[H]C1([H])C([H])([H])C([H])([H])C([H])([H])C([H])([H])C1([H])[H],14.27,10.908,1.121,7.638,19.667,1.525171,0.067637675,0.059247963,0.026509345,0.79844356,0.61573076,0.027306182,0.02391915,0.010702156,0.32234174,Cc1n[nH]c2cc(O)ccc12,c1cn[nH]c1,C1CCCCC1
6ey9_ligand_native_539.mol2,539,P07900,1.759450752,[H]OC1=C(C(=O)N(C([H])([H])[H])C([H])([H])C2=C([H])C([H])=C(Cl)C([H])=C2[H])/C([H])=C2/C(C([H])([H])C3=C([H])C([H])=C([H])C(C([H])([H])[H])=C3[H])=NN([H])/C2=C\1[H],[H]C(=O)N(C([H])([H])[H])C([H])([H])C1=C([H])C([H])=C(Cl)C([H])=C1[H],[H]OC1=C([H])/C([H])=C2/C([H])=NN([H])/C2=C\1[H],[H]C1=C([H])C(C([H])([H])[H])=C([H])C(C([H])([H])[H])=C1[H],27.51,13.527,4.21,15.139,32.876,0.5298584,0.057611857,0.036373783,0.047213744,0.53386366,0.4397452,0.047813784,0.03018768,0.039184082,0.44306925,CN(C=O)Cc1ccc(Cl)cc1,Oc1ccc2cn[nH]c2c1,Cc1cccc(C)c1
6f1n_ligand_native_502.mol2,502,P07900,0.962573502,[H]C1=C([H])C(C2=C3C(=NC(N([H])[H])=C2C#N)S/C(C(=O)N([H])[H])=C\3N([H])[H])=C([H])C(OC([H])([H])C([H])([H])C([H])([H])C(=O)[O-])=C1OC([H])([H])[H],[H]OC(=O)C([H])([H])C([H])([H])C([H])([H])[H],[H]OC1=C(OC([H])([H])[H])C([H])=C([H])C([H])=C1[H],[H]C1=C2C(=NC(N([H])[H])=C1C#N)S/C(C(=O)N([H])[H])=C\2N([H])[H],22.547,0.765,13.744,9.912,24.421,0.8348862,0.0923868,0.044143375,0.04805096,0.8514147,0.4462527,0.049381413,0.023594953,0.025683586,0.4550873,CCCC(=O)O,COc1ccccc1O,N#Cc1cc2c(N)c(C(N)=O)sc2nc1N
6pka_ligand_15_652_dock.mol2,652,Q2G036,0.441291429,[H]C1=C([H])C(C([H])([H])C(=O)N([H])[C@]([H])(C(=O)N([H])[C@]2([H])C(=O)N3C([H])([H])C([H])([H])C([H])([H])[C@@]3([H])C(=O)N3C([H])([H])C([H])([H])C([H])([H])C([H])([H])[C@@]3([H])C(=O)N([H])[C@@]([H])(C([H])([H])[H])C(=O)N3C([H])([H])[C@]([H])(C([H])([H])[H])C([H])([H])[C@@]3([H])C(=O)OC2([H])[H])C([H])([H])C2=C([H])C(F)=C([H])C(F)=C2[H])=C([H])C([H])=C1C([H])([H])[H],[H]C(=O)C([H])([H])C1=C([H])C([H])=C(C([H])([H])[H])C([H])=C1[H],[H]N([H])[C@]([H])(C(=O)N([H])[C@]1([H])C(=O)N2C([H])([H])C([H])([H])C([H])([H])[C@@]2([H])C(=O)N2C([H])([H])C([H])([H])C([H])([H])C([H])([H])[C@@]2([H])C(=O)N([H])[C@@]([H])(C([H])([H])[H])C(=O)N2C([H])([H])[C@]([H])(C([H])([H])[H])C([H])([H])[C@@]2([H])C(=O)OC1([H])[H])C([H])([H])[H],[H]C1=C([H])C(F)=C([H])C(F)=C1[H],20.746,3.649,9.859,1.061,14.569,1.0176482,0.11932048,0.0588045,0.03970821,0.95781976,0.46398014,0.054402232,0.026810955,0.018104311,0.43670234,Cc1ccc(CC=O)cc1,C[C@@H]1C[C@H]2C(=O)OC[C@H](NC(=O)[C@H](C)N)C(=O)N3CCC[C@H]3C(=O)N3CCCC[C@H]3C(=O)N[C@@H](C)C(=O)N2C1,Fc1cccc(F)c1
6pka_ligand_native_651.mol2,651,Q2G036,2.187755303,[H]C1=C([H])C(C([H])([H])[H])=C([H])C([H])=C1N([H])C(=O)N([H])[C@]([H])(C(=O)N([H])[C@]1([H])C(=O)N2C([H])([H])C([H])([H])C([H])([H])[C@@]2([H])C(=O)N2C([H])([H])C([H])([H])C([H])([H])C([H])([H])[C@@]2([H])C(=O)N([H])[C@@]([H])(C([H])([H])[H])C(=O)N2C([H])([H])[C@]([H])(C([H])([H])[H])C([H])([H])[C@@]2([H])C(=O)OC1([H])[H])C([H])([H])C1=C([H])C(F)=C([H])C(F)=C1[H],[H]C1=C([H])C(F)=C([H])C(F)=C1[H],[H]C(=O)N([H])[C@]([H])(C(=O)N([H])[C@]1([H])C(=O)N2C([H])([H])C([H])([H])C([H])([H])[C@@]2([H])C(=O)N2C([H])([H])C([H])([H])C([H])([H])C([H])([H])[C@@]2([H])C(=O)N([H])[C@@]([H])(C([H])([H])[H])C(=O)N2C([H])([H])[C@]([H])(C([H])([H])[H])C([H])([H])[C@@]2([H])C(=O)OC1([H])[H])C([H])([H])[H],[H]C1=C([H])C(C([H])([H])[H])=C([H])C([H])=C1N([H])[H],30.341,8.079,3.088,9.003,20.17,0.11658132,0.078551516,0.06411353,0.021678615,0.92121345,0.096978284,0.06534316,0.0533329,0.018033378,0.7663123,Fc1cccc(F)c1,C[C@@H]1C[C@H]2C(=O)OC[C@H](NC(=O)[C@H](C)NC=O)C(=O)N3CCC[C@H]3C(=O)N3CCCC[C@H]3C(=O)N[C@@H](C)C(=O)N2C1,Cc1ccc(N)cc1
